scenario,fold100,pval100,neg_top100,v02fp_top1k,ltbp1_rank,gapdh_score,jaccard100,spearman
OFAT_layer_-50%,21.6707142857143,0.000315516010147151,0,0,393,0,0.70940170940171,0.99667051876324
OFAT_layer_+50%,28.8942857142857,8.35064971012568e-06,0,1,275,0,0.869158878504673,0.998157043670211
OFAT_dir_-50%,28.8942857142857,8.35064971012568e-06,0,0,249,0,0.739130434782609,0.993880046079381
OFAT_dir_+50%,21.6707142857143,0.000315516010147151,0,0,405,0,0.680672268907563,0.995647864305463
OFAT_early_-50%,28.8942857142857,8.35064971012568e-06,0,1,124,0,0.923076923076923,0.991395469640814
OFAT_early_+50%,21.6707142857143,0.000315516010147151,0,0,453,0,0.941747572815534,0.997089087205206
OFAT_serum_-50%,28.8942857142857,8.35064971012568e-06,0,0,396,0,0.801801801801802,0.999966426645493
OFAT_serum_+50%,28.8942857142857,8.35064971012568e-06,0,1,248,0,0.96078431372549,0.999980654672539
OFAT_rescue_-50%,21.6707142857143,0.000315516010147151,0,0,432,0,0.941747572815534,0.999989486157592
OFAT_rescue_+50%,28.8942857142857,8.35064971012568e-06,0,0,232,0,0.98019801980198,0.999989339965594
RAND_0001,28.8942857142857,8.35064971012568e-06,0,1,221,0,0.98019801980198,0.993365252569631
RAND_0002,28.8942857142857,8.35064971012568e-06,0,1,135,0,0.724137931034483,0.991490186149908
RAND_0003,14.4471428571429,0.00815293421191023,0,0,518,0,0.724137931034483,0.998548149195868
RAND_0004,28.8942857142857,8.35064971012568e-06,0,1,231,0,0.801801801801802,0.988122445411976
RAND_0005,21.6707142857143,0.000315516010147151,0,0,419,0,0.70940170940171,0.992050569937931
RAND_0006,28.8942857142857,8.35064971012568e-06,0,0,377,0,0.941747572815534,0.996757051057089
RAND_0007,21.6707142857143,0.000315516010147151,0,0,391,0,0.801801801801802,0.997069286525756
RAND_0008,28.8942857142857,8.35064971012568e-06,0,1,44,0,0.739130434782609,0.992699092681072
RAND_0009,28.8942857142857,8.35064971012568e-06,0,1,78,0,0.769911504424779,0.994118485212221
RAND_0010,28.8942857142857,8.35064971012568e-06,0,1,307,0,0.941747572815534,0.999039330614019
RAND_0011,21.6707142857143,0.000315516010147151,0,1,360,0,0.96078431372549,0.999730149502265
RAND_0012,28.8942857142857,8.35064971012568e-06,0,0,243,0,0.851851851851852,0.994030936525313
RAND_0013,28.8942857142857,8.35064971012568e-06,0,0,376,0,0.724137931034483,0.998950732477561
RAND_0014,21.6707142857143,0.000315516010147151,0,0,542,0,0.834862385321101,0.994764468907596
RAND_0015,28.8942857142857,8.35064971012568e-06,0,0,305,0,0.769911504424779,0.999247374499939
RAND_0016,28.8942857142857,8.35064971012568e-06,0,1,297,0,0.739130434782609,0.994196822382145
RAND_0017,28.8942857142857,8.35064971012568e-06,0,1,93,0,0.739130434782609,0.997532275948702
RAND_0018,28.8942857142857,8.35064971012568e-06,0,1,219,0,0.923076923076923,0.997294266563893
RAND_0019,28.8942857142857,8.35064971012568e-06,0,1,29,0,0.724137931034483,0.994531576722653
RAND_0020,28.8942857142857,8.35064971012568e-06,0,1,222,0,0.904761904761905,0.99848214776263
RAND_0021,28.8942857142857,8.35064971012568e-06,0,1,71,0,0.739130434782609,0.997675084154426
RAND_0022,21.6707142857143,0.000315516010147151,0,0,455,0,0.923076923076923,0.999452732579305
RAND_0023,21.6707142857143,0.000315516010147151,0,0,424,0,0.724137931034483,0.999375528210307
RAND_0024,28.8942857142857,8.35064971012568e-06,0,1,85,0,0.739130434782609,0.994955043279559
RAND_0025,28.8942857142857,8.35064971012568e-06,0,0,305,0,0.904761904761905,0.999213617378287
RAND_0026,14.4471428571429,0.00815293421191023,0,0,478,0,0.680672268907563,0.99832868654288
RAND_0027,28.8942857142857,8.35064971012568e-06,0,1,224,0,0.923076923076923,0.999329003950552
RAND_0028,28.8942857142857,8.35064971012568e-06,0,1,136,0,0.724137931034483,0.989164870216839
RAND_0029,28.8942857142857,8.35064971012568e-06,0,0,150,0,0.70940170940171,0.996166708131815
RAND_0030,21.6707142857143,0.000315516010147151,0,0,498,0,0.801801801801802,0.99305451387924
RAND_0031,28.8942857142857,8.35064971012568e-06,0,0,362,0,0.904761904761905,0.997010651026612
RAND_0032,28.8942857142857,8.35064971012568e-06,0,1,79,0,0.666666666666667,0.994368741874457
RAND_0033,28.8942857142857,8.35064971012568e-06,0,0,361,0,0.904761904761905,0.998796082815777
RAND_0034,21.6707142857143,0.000315516010147151,0,0,440,0,0.680672268907563,0.998835703149527
RAND_0035,28.8942857142857,8.35064971012568e-06,0,1,285,0,0.923076923076923,0.998869352042087
RAND_0036,28.8942857142857,8.35064971012568e-06,0,0,331,0,0.70940170940171,0.994630460146136
RAND_0037,28.8942857142857,8.35064971012568e-06,0,0,247,0,0.851851851851852,0.994974964072749
RAND_0038,21.6707142857143,0.000315516010147151,0,0,508,0,0.754385964912281,0.999486558297515
RAND_0039,21.6707142857143,0.000315516010147151,0,0,468,0,0.666666666666667,0.987065011781342
RAND_0040,28.8942857142857,8.35064971012568e-06,0,1,114,0,0.70940170940171,0.992012611790826
RAND_0041,21.6707142857143,0.000315516010147151,0,0,451,0,0.941747572815534,0.9981833340422
RAND_0042,21.6707142857143,0.000315516010147151,0,0,472,0,0.680672268907563,0.995305264036767
RAND_0043,28.8942857142857,8.35064971012568e-06,0,0,370,0,0.769911504424779,0.997928261225998
RAND_0044,28.8942857142857,8.35064971012568e-06,0,1,135,0,0.923076923076923,0.998272930944069
RAND_0045,28.8942857142857,8.35064971012568e-06,0,1,278,0,0.754385964912281,0.997017569005102
RAND_0046,28.8942857142857,8.35064971012568e-06,0,0,241,0,0.769911504424779,0.996665030319254
RAND_0047,28.8942857142857,8.35064971012568e-06,0,0,136,0,0.785714285714286,0.998960434519716
RAND_0048,28.8942857142857,8.35064971012568e-06,0,0,380,0,0.739130434782609,0.992054815959196
RAND_0049,28.8942857142857,8.35064971012568e-06,0,0,249,0,0.694915254237288,0.990103656483462
RAND_0050,28.8942857142857,8.35064971012568e-06,0,1,39,0,0.739130434782609,0.998226161134411
RAND_0051,21.6707142857143,0.000315516010147151,0,1,320,0,0.941747572815534,0.999351286774313
RAND_0052,28.8942857142857,8.35064971012568e-06,0,1,192,0,0.739130434782609,0.994994653583282
RAND_0053,28.8942857142857,8.35064971012568e-06,0,1,92,0,0.739130434782609,0.9964382472736
RAND_0054,28.8942857142857,8.35064971012568e-06,0,1,147,0,0.680672268907563,0.985395012784985
RAND_0055,14.4471428571429,0.00815293421191023,0,0,372,0,0.680672268907563,0.99317073107467
RAND_0056,28.8942857142857,8.35064971012568e-06,0,0,320,0,0.98019801980198,0.999613614155329
RAND_0057,28.8942857142857,8.35064971012568e-06,0,1,77,0,0.739130434782609,0.997357171435458
RAND_0058,21.6707142857143,0.000315516010147151,0,0,346,0,0.70940170940171,0.991124096080055
RAND_0059,28.8942857142857,8.35064971012568e-06,0,0,321,0,0.904761904761905,0.99669391315574
RAND_0060,21.6707142857143,0.000315516010147151,0,0,765,0,0.666666666666667,0.994702202684027
RAND_0061,28.8942857142857,8.35064971012568e-06,0,1,69,0,0.851851851851852,0.994744881844958
RAND_0062,28.8942857142857,8.35064971012568e-06,0,1,147,0,0.785714285714286,0.995571752683004
RAND_0063,21.6707142857143,0.000315516010147151,0,0,589,0,0.652892561983471,0.990430079476624
RAND_0064,28.8942857142857,8.35064971012568e-06,0,1,130,0,0.739130434782609,0.997045823972387
RAND_0065,28.8942857142857,8.35064971012568e-06,0,0,167,0,0.941747572815534,0.997745146018616
RAND_0066,28.8942857142857,8.35064971012568e-06,0,0,303,0,0.818181818181818,0.996539238157692
RAND_0067,28.8942857142857,8.35064971012568e-06,0,1,76,0,0.652892561983471,0.991554755320924
RAND_0068,28.8942857142857,8.35064971012568e-06,0,1,255,0,0.869158878504673,0.99877888590029
RAND_0069,21.6707142857143,0.000315516010147151,0,0,626,0,0.869158878504673,0.992418264620451
RAND_0070,28.8942857142857,8.35064971012568e-06,0,0,274,0,0.666666666666667,0.987523098181472
RAND_0071,28.8942857142857,8.35064971012568e-06,0,0,136,0,0.680672268907563,0.992490738827868
RAND_0072,21.6707142857143,0.000315516010147151,0,0,467,0,0.769911504424779,0.998340428041137
RAND_0073,28.8942857142857,8.35064971012568e-06,0,1,141,0,0.769911504424779,0.996892464997378
RAND_0074,21.6707142857143,0.000315516010147151,0,0,494,0,0.904761904761905,0.998576577215934
RAND_0075,21.6707142857143,0.000315516010147151,0,0,468,0,0.724137931034483,0.995325921497083
RAND_0076,28.8942857142857,8.35064971012568e-06,0,1,79,0,0.652892561983471,0.993543479857279
RAND_0077,28.8942857142857,8.35064971012568e-06,0,0,286,0,0.941747572815534,0.999468478513337
RAND_0078,21.6707142857143,0.000315516010147151,0,0,606,0,0.801801801801802,0.991288599935082
RAND_0079,28.8942857142857,8.35064971012568e-06,0,0,345,0,0.923076923076923,0.999200001930972
RAND_0080,21.6707142857143,0.000315516010147151,0,0,633,0,0.680672268907563,0.998969572390302
RAND_0081,21.6707142857143,0.000315516010147151,0,0,367,0,0.70940170940171,0.997339656176918
RAND_0082,14.4471428571429,0.00815293421191023,0,0,471,0,0.626016260162602,0.984022028419519
RAND_0083,21.6707142857143,0.000315516010147151,0,1,342,0,0.70940170940171,0.995279680190871
RAND_0084,14.4471428571429,0.00815293421191023,0,0,864,0,0.801801801801802,0.994888876937132
RAND_0085,14.4471428571429,0.00815293421191023,0,0,508,0,0.724137931034483,0.994934648126489
RAND_0086,28.8942857142857,8.35064971012568e-06,0,0,302,0,0.724137931034483,0.998096612199783
RAND_0087,28.8942857142857,8.35064971012568e-06,0,0,292,0,0.834862385321101,0.99960160517229
RAND_0088,28.8942857142857,8.35064971012568e-06,0,0,334,0,0.70940170940171,0.997407252738413
RAND_0089,21.6707142857143,0.000315516010147151,0,1,331,0,0.70940170940171,0.99464825909538
RAND_0090,21.6707142857143,0.000315516010147151,0,0,479,0,0.801801801801802,0.993503924550372
RAND_0091,21.6707142857143,0.000315516010147151,0,0,381,0,0.96078431372549,0.998362701589445
RAND_0092,28.8942857142857,8.35064971012568e-06,0,0,247,0,0.834862385321101,0.996850792762864
RAND_0093,14.4471428571429,0.00815293421191023,0,0,887,0,0.869158878504673,0.991691776091167
RAND_0094,28.8942857142857,8.35064971012568e-06,0,1,88,0,0.801801801801802,0.997855880974621
RAND_0095,28.8942857142857,8.35064971012568e-06,0,0,378,0,0.739130434782609,0.989447450658884
RAND_0096,21.6707142857143,0.000315516010147151,0,0,426,0,0.785714285714286,0.99819953941877
RAND_0097,21.6707142857143,0.000315516010147151,0,0,421,0,0.70940170940171,0.997706586151192
RAND_0098,21.6707142857143,0.000315516010147151,0,0,490,0,0.666666666666667,0.991479677096942
RAND_0099,28.8942857142857,8.35064971012568e-06,0,0,387,0,0.886792452830189,0.997576676814733
RAND_0100,21.6707142857143,0.000315516010147151,0,0,522,0,0.680672268907563,0.993684385625883
RAND_0101,21.6707142857143,0.000315516010147151,0,0,379,0,0.818181818181818,0.996858179047231
RAND_0102,28.8942857142857,8.35064971012568e-06,0,1,144,0,0.851851851851852,0.994744001959737
RAND_0103,28.8942857142857,8.35064971012568e-06,0,0,351,0,0.680672268907563,0.991241494171781
RAND_0104,28.8942857142857,8.35064971012568e-06,0,0,163,0,0.886792452830189,0.99915804842039
RAND_0105,21.6707142857143,0.000315516010147151,0,0,447,0,0.769911504424779,0.999601357474753
RAND_0106,28.8942857142857,8.35064971012568e-06,0,0,446,0,0.724137931034483,0.990303887425806
RAND_0107,28.8942857142857,8.35064971012568e-06,0,0,356,0,0.785714285714286,0.99512256956229
RAND_0108,21.6707142857143,0.000315516010147151,0,0,392,0,0.785714285714286,0.993235123878585
RAND_0109,28.8942857142857,8.35064971012568e-06,0,0,409,0,0.70940170940171,0.997082917383789
RAND_0110,28.8942857142857,8.35064971012568e-06,0,0,294,0,0.886792452830189,0.995748611110039
RAND_0111,28.8942857142857,8.35064971012568e-06,0,0,434,0,0.801801801801802,0.994999759528391
RAND_0112,28.8942857142857,8.35064971012568e-06,0,0,246,0,0.680672268907563,0.986304832474851
RAND_0113,28.8942857142857,8.35064971012568e-06,0,1,137,0,0.754385964912281,0.994555945315931
RAND_0114,28.8942857142857,8.35064971012568e-06,0,0,234,0,0.724137931034483,0.994336334841946
RAND_0115,14.4471428571429,0.00815293421191023,0,0,833,0,0.801801801801802,0.992997491809668
RAND_0116,28.8942857142857,8.35064971012568e-06,0,1,40,0,0.739130434782609,0.994130574609603
RAND_0117,21.6707142857143,0.000315516010147151,0,0,497,0,0.680672268907563,0.997318524838489
RAND_0118,21.6707142857143,0.000315516010147151,0,0,456,0,0.680672268907563,0.998761989206477
RAND_0119,28.8942857142857,8.35064971012568e-06,0,1,242,0,0.724137931034483,0.995841607523329
RAND_0120,28.8942857142857,8.35064971012568e-06,0,0,363,0,0.801801801801802,0.998977025820123
RAND_0121,28.8942857142857,8.35064971012568e-06,0,0,403,0,0.941747572815534,0.996519077566772
RAND_0122,28.8942857142857,8.35064971012568e-06,0,0,253,0,0.70940170940171,0.991682360978579
RAND_0123,28.8942857142857,8.35064971012568e-06,0,0,358,0,0.923076923076923,0.999307234022171
RAND_0124,28.8942857142857,8.35064971012568e-06,0,1,100,0,0.739130434782609,0.993989940632656
RAND_0125,21.6707142857143,0.000315516010147151,0,1,300,0,0.754385964912281,0.996656288100702
RAND_0126,28.8942857142857,8.35064971012568e-06,0,1,204,0,0.851851851851852,0.997974630060975
RAND_0127,28.8942857142857,8.35064971012568e-06,0,0,218,0,0.923076923076923,0.999684614012723
RAND_0128,28.8942857142857,8.35064971012568e-06,0,1,112,0,0.739130434782609,0.995621492042162
RAND_0129,28.8942857142857,8.35064971012568e-06,0,0,283,0,0.769911504424779,0.99588353775241
RAND_0130,28.8942857142857,8.35064971012568e-06,0,1,89,0,0.834862385321101,0.998789648083724
RAND_0131,21.6707142857143,0.000315516010147151,0,0,472,0,0.680672268907563,0.99510904039758
RAND_0132,28.8942857142857,8.35064971012568e-06,0,1,128,0,0.904761904761905,0.997989634370913
RAND_0133,21.6707142857143,0.000315516010147151,0,1,328,0,0.739130434782609,0.994719742007665
RAND_0134,28.8942857142857,8.35064971012568e-06,0,1,283,0,0.923076923076923,0.998974662593842
RAND_0135,21.6707142857143,0.000315516010147151,0,0,354,0,0.680672268907563,0.988322168682911
RAND_0136,28.8942857142857,8.35064971012568e-06,0,0,316,0,0.785714285714286,0.999516333788931
RAND_0137,21.6707142857143,0.000315516010147151,0,0,408,0,0.724137931034483,0.999085577788492
RAND_0138,28.8942857142857,8.35064971012568e-06,0,1,64,0,0.739130434782609,0.994402341533983
RAND_0139,21.6707142857143,0.000315516010147151,0,0,446,0,0.70940170940171,0.99291047907327
RAND_0140,21.6707142857143,0.000315516010147151,0,0,388,0,0.941747572815534,0.998003253689772
RAND_0141,28.8942857142857,8.35064971012568e-06,0,1,90,0,0.851851851851852,0.996885837384668
RAND_0142,28.8942857142857,8.35064971012568e-06,0,1,142,0,0.785714285714286,0.997452424163539
RAND_0143,28.8942857142857,8.35064971012568e-06,0,1,232,0,0.98019801980198,0.996225280960708
RAND_0144,28.8942857142857,8.35064971012568e-06,0,0,232,0,0.904761904761905,0.998351220320454
RAND_0145,21.6707142857143,0.000315516010147151,0,0,336,0,0.70940170940171,0.992094154726657
RAND_0146,28.8942857142857,8.35064971012568e-06,0,1,232,0,0.869158878504673,0.998075596641989
RAND_0147,21.6707142857143,0.000315516010147151,0,0,598,0,0.680672268907563,0.998369641978775
RAND_0148,28.8942857142857,8.35064971012568e-06,0,0,290,0,0.923076923076923,0.997989829515291
RAND_0149,28.8942857142857,8.35064971012568e-06,0,1,147,0,0.923076923076923,0.998746924455182
RAND_0150,28.8942857142857,8.35064971012568e-06,0,0,359,0,0.739130434782609,0.991938849885907
RAND_0151,28.8942857142857,8.35064971012568e-06,0,0,401,0,0.941747572815534,0.997339508675165
RAND_0152,28.8942857142857,8.35064971012568e-06,0,1,54,0,0.769911504424779,0.994582000108711
RAND_0153,28.8942857142857,8.35064971012568e-06,0,0,207,0,0.886792452830189,0.992714510114329
RAND_0154,28.8942857142857,8.35064971012568e-06,0,0,342,0,0.70940170940171,0.995678008738874
RAND_0155,28.8942857142857,8.35064971012568e-06,0,0,213,0,0.818181818181818,0.997082731381362
RAND_0156,14.4471428571429,0.00815293421191023,0,0,412,0,0.680672268907563,0.993632034901772
RAND_0157,28.8942857142857,8.35064971012568e-06,0,0,322,0,0.834862385321101,0.998411646196713
RAND_0158,21.6707142857143,0.000315516010147151,0,0,617,0,0.769911504424779,0.9966698955031
RAND_0159,28.8942857142857,8.35064971012568e-06,0,0,370,0,0.869158878504673,0.997712664022106
RAND_0160,21.6707142857143,0.000315516010147151,0,1,242,0,0.754385964912281,0.997685498891479
RAND_0161,28.8942857142857,8.35064971012568e-06,0,1,241,0,0.851851851851852,0.991213386683031
RAND_0162,28.8942857142857,8.35064971012568e-06,0,0,320,0,0.724137931034483,0.996387431462761
RAND_0163,21.6707142857143,0.000315516010147151,0,0,346,0,0.694915254237288,0.99222380240016
RAND_0164,28.8942857142857,8.35064971012568e-06,0,0,296,0,0.666666666666667,0.985015785551481
RAND_0165,21.6707142857143,0.000315516010147151,0,0,529,0,0.680672268907563,0.997673255584271
RAND_0166,36.1178571428571,1.59471074058841e-07,0,1,138,0,0.70940170940171,0.992078348908491
RAND_0167,28.8942857142857,8.35064971012568e-06,0,1,124,0,0.724137931034483,0.993579735308738
RAND_0168,21.6707142857143,0.000315516010147151,0,1,383,0,0.818181818181818,0.9970604365889
RAND_0169,28.8942857142857,8.35064971012568e-06,0,1,136,0,0.886792452830189,0.98908601009829
RAND_0170,21.6707142857143,0.000315516010147151,0,1,317,0,0.754385964912281,0.9991189530552
RAND_0171,28.8942857142857,8.35064971012568e-06,0,0,253,0,0.724137931034483,0.99513383197007
RAND_0172,21.6707142857143,0.000315516010147151,0,0,419,0,0.70940170940171,0.995406738829
RAND_0173,28.8942857142857,8.35064971012568e-06,0,0,320,0,0.904761904761905,0.996562508689458
RAND_0174,28.8942857142857,8.35064971012568e-06,0,1,98,0,0.739130434782609,0.993904103255143
RAND_0175,28.8942857142857,8.35064971012568e-06,0,1,138,0,0.769911504424779,0.984250430873292
RAND_0176,28.8942857142857,8.35064971012568e-06,0,1,125,0,0.739130434782609,0.995932119641885
RAND_0177,28.8942857142857,8.35064971012568e-06,0,1,240,0,0.923076923076923,0.999506971705464
RAND_0178,28.8942857142857,8.35064971012568e-06,0,1,33,0,0.587301587301587,0.999254480901297
RAND_0179,21.6707142857143,0.000315516010147151,0,0,425,0,0.769911504424779,0.998641884963728
RAND_0180,28.8942857142857,8.35064971012568e-06,0,1,63,0,0.739130434782609,0.994104478959556
RAND_0181,21.6707142857143,0.000315516010147151,0,0,352,0,0.941747572815534,0.995869579682181
RAND_0182,28.8942857142857,8.35064971012568e-06,0,1,229,0,0.769911504424779,0.996381451164036
RAND_0183,28.8942857142857,8.35064971012568e-06,0,0,364,0,0.886792452830189,0.995271397316182
RAND_0184,21.6707142857143,0.000315516010147151,0,0,496,0,0.70940170940171,0.997708934541392
RAND_0185,14.4471428571429,0.00815293421191023,0,0,473,0,0.754385964912281,0.999603974208789
RAND_0186,28.8942857142857,8.35064971012568e-06,0,1,228,0,0.769911504424779,0.99564813403262
RAND_0187,21.6707142857143,0.000315516010147151,0,0,386,0,0.70940170940171,0.9990426611574
RAND_0188,28.8942857142857,8.35064971012568e-06,0,0,157,0,0.785714285714286,0.996383208194796
RAND_0189,28.8942857142857,8.35064971012568e-06,0,1,127,0,0.941747572815534,0.993938748428826
RAND_0190,21.6707142857143,0.000315516010147151,0,0,460,0,0.70940170940171,0.991677498429937
RAND_0191,28.8942857142857,8.35064971012568e-06,0,1,245,0,0.834862385321101,0.999522025695377
RAND_0192,28.8942857142857,8.35064971012568e-06,0,0,370,0,1,0.999382220948535
RAND_0193,21.6707142857143,0.000315516010147151,0,1,244,0,0.739130434782609,0.988421645479967
RAND_0194,28.8942857142857,8.35064971012568e-06,0,1,101,0,0.739130434782609,0.993719426985607
RAND_0195,21.6707142857143,0.000315516010147151,0,0,440,0,0.904761904761905,0.999263803636645
RAND_0196,21.6707142857143,0.000315516010147151,0,0,358,0,0.754385964912281,0.999360634213245
RAND_0197,28.8942857142857,8.35064971012568e-06,0,1,156,0,0.739130434782609,0.995369988934391
RAND_0198,28.8942857142857,8.35064971012568e-06,0,0,243,0,0.652892561983471,0.983929946625059
RAND_0199,21.6707142857143,0.000315516010147151,0,0,389,0,0.70940170940171,0.992602543885525
RAND_0200,21.6707142857143,0.000315516010147151,0,0,350,0,0.70940170940171,0.99063659579766
RAND_0201,28.8942857142857,8.35064971012568e-06,0,0,353,0,0.739130434782609,0.991732981401255
RAND_0202,21.6707142857143,0.000315516010147151,0,0,419,0,0.70940170940171,0.994451528585793
RAND_0203,21.6707142857143,0.000315516010147151,0,0,347,0,0.70940170940171,0.995030239542092
RAND_0204,28.8942857142857,8.35064971012568e-06,0,1,101,0,0.739130434782609,0.995280118360234
RAND_0205,28.8942857142857,8.35064971012568e-06,0,1,259,0,0.754385964912281,0.993221091778868
RAND_0206,28.8942857142857,8.35064971012568e-06,0,1,41,0,0.739130434782609,0.993634299296306
RAND_0207,36.1178571428571,1.59471074058841e-07,0,1,93,0,0.680672268907563,0.992466824191957
RAND_0208,21.6707142857143,0.000315516010147151,0,0,498,0,0.680672268907563,0.998272603151432
RAND_0209,28.8942857142857,8.35064971012568e-06,0,1,109,0,0.785714285714286,0.997156169672821
RAND_0210,21.6707142857143,0.000315516010147151,0,0,581,0,0.70940170940171,0.997387412458242
RAND_0211,28.8942857142857,8.35064971012568e-06,0,1,91,0,0.739130434782609,0.99507164690381
RAND_0212,21.6707142857143,0.000315516010147151,0,0,424,0,0.818181818181818,0.999288148977443
RAND_0213,14.4471428571429,0.00815293421191023,0,0,455,0,0.612903225806452,0.978158664606158
RAND_0214,28.8942857142857,8.35064971012568e-06,0,0,261,0,0.694915254237288,0.992510442855239
RAND_0215,28.8942857142857,8.35064971012568e-06,0,1,220,0,0.739130434782609,0.995084265820412
RAND_0216,21.6707142857143,0.000315516010147151,0,0,371,0,0.652892561983471,0.984028130889537
RAND_0217,28.8942857142857,8.35064971012568e-06,0,0,303,0,0.724137931034483,0.992707057932457
RAND_0218,21.6707142857143,0.000315516010147151,0,0,530,0,0.666666666666667,0.990750488534485
RAND_0219,28.8942857142857,8.35064971012568e-06,0,0,370,0,0.739130434782609,0.99085571943808
RAND_0220,28.8942857142857,8.35064971012568e-06,0,1,78,0,0.886792452830189,0.994012495799493
RAND_0221,21.6707142857143,0.000315516010147151,0,0,582,0,0.680672268907563,0.995003932367613
RAND_0222,28.8942857142857,8.35064971012568e-06,0,1,220,0,0.754385964912281,0.996975739732184
RAND_0223,21.6707142857143,0.000315516010147151,0,0,491,0,0.941747572815534,0.996310358865555
RAND_0224,21.6707142857143,0.000315516010147151,0,0,450,0,0.680672268907563,0.994898243484193
RAND_0225,28.8942857142857,8.35064971012568e-06,0,0,324,0,0.724137931034483,0.998013615351269
RAND_0226,28.8942857142857,8.35064971012568e-06,0,0,431,0,0.851851851851852,0.998866489404078
RAND_0227,14.4471428571429,0.00815293421191023,0,0,677,0,0.652892561983471,0.994115401814957
RAND_0228,28.8942857142857,8.35064971012568e-06,0,1,85,0,0.834862385321101,0.996391499601973
RAND_0229,21.6707142857143,0.000315516010147151,0,0,441,0,0.680672268907563,0.993809188854709
RAND_0230,28.8942857142857,8.35064971012568e-06,0,0,353,0,0.851851851851852,0.996779885201448
RAND_0231,28.8942857142857,8.35064971012568e-06,0,0,361,0,0.724137931034483,0.988559828671057
RAND_0232,28.8942857142857,8.35064971012568e-06,0,1,310,0,0.923076923076923,0.998521557442609
RAND_0233,21.6707142857143,0.000315516010147151,0,0,382,0,0.941747572815534,0.999493815335008
RAND_0234,28.8942857142857,8.35064971012568e-06,0,1,230,0,0.769911504424779,0.997858897957786
RAND_0235,21.6707142857143,0.000315516010147151,0,0,660,0,0.652892561983471,0.994559518089091
RAND_0236,21.6707142857143,0.000315516010147151,0,0,405,0,0.70940170940171,0.993664369396529
RAND_0237,28.8942857142857,8.35064971012568e-06,0,0,296,0,0.851851851851852,0.995876036198197
RAND_0238,28.8942857142857,8.35064971012568e-06,0,0,207,0,0.923076923076923,0.998865782449745
RAND_0239,28.8942857142857,8.35064971012568e-06,0,0,246,0,0.739130434782609,0.997398310047031
RAND_0240,28.8942857142857,8.35064971012568e-06,0,1,44,0,0.739130434782609,0.994734303690451
RAND_0241,28.8942857142857,8.35064971012568e-06,0,0,366,0,0.869158878504673,0.998753561801893
RAND_0242,28.8942857142857,8.35064971012568e-06,0,0,322,0,0.851851851851852,0.998531631164571
RAND_0243,28.8942857142857,8.35064971012568e-06,0,1,135,0,0.785714285714286,0.983675870682031
RAND_0244,28.8942857142857,8.35064971012568e-06,0,0,236,0,0.904761904761905,0.999233195275756
RAND_0245,21.6707142857143,0.000315516010147151,0,0,369,0,0.70940170940171,0.994975039199271
RAND_0246,28.8942857142857,8.35064971012568e-06,0,1,92,0,0.869158878504673,0.993828742565187
RAND_0247,28.8942857142857,8.35064971012568e-06,0,1,44,0,0.70940170940171,0.994291190418951
RAND_0248,21.6707142857143,0.000315516010147151,0,0,407,0,0.785714285714286,0.999334989618359
RAND_0249,21.6707142857143,0.000315516010147151,0,1,361,0,0.886792452830189,0.997785352928969
RAND_0250,28.8942857142857,8.35064971012568e-06,0,0,388,0,0.869158878504673,0.999383639239534
RAND_0251,28.8942857142857,8.35064971012568e-06,0,0,317,0,0.851851851851852,0.996744579601609
RAND_0252,28.8942857142857,8.35064971012568e-06,0,0,242,0,0.70940170940171,0.992193585250928
RAND_0253,21.6707142857143,0.000315516010147151,0,0,441,0,0.801801801801802,0.999851627394269
RAND_0254,21.6707142857143,0.000315516010147151,0,0,379,0,0.739130434782609,0.998397270464114
RAND_0255,28.8942857142857,8.35064971012568e-06,0,0,248,0,0.724137931034483,0.992833423773216
RAND_0256,28.8942857142857,8.35064971012568e-06,0,0,394,0,0.818181818181818,0.99524984607488
RAND_0257,28.8942857142857,8.35064971012568e-06,0,1,323,0,0.886792452830189,0.998032023049976
RAND_0258,28.8942857142857,8.35064971012568e-06,0,0,430,0,0.785714285714286,0.999537419504671
RAND_0259,28.8942857142857,8.35064971012568e-06,0,1,29,0,0.724137931034483,0.995617397550913
RAND_0260,21.6707142857143,0.000315516010147151,0,0,336,0,0.70940170940171,0.997314551340237
RAND_0261,21.6707142857143,0.000315516010147151,0,0,481,0,0.70940170940171,0.996382932566422
RAND_0262,21.6707142857143,0.000315516010147151,0,0,374,0,0.941747572815534,0.999385985662038
RAND_0263,21.6707142857143,0.000315516010147151,0,0,405,0,0.680672268907563,0.990135953510731
RAND_0264,28.8942857142857,8.35064971012568e-06,0,0,289,0,0.769911504424779,0.995276069979245
RAND_0265,21.6707142857143,0.000315516010147151,0,0,399,0,0.754385964912281,0.996422673643579
RAND_0266,21.6707142857143,0.000315516010147151,0,0,386,0,0.98019801980198,0.999761836334772
RAND_0267,28.8942857142857,8.35064971012568e-06,0,0,344,0,0.754385964912281,0.994640697651231
RAND_0268,28.8942857142857,8.35064971012568e-06,0,1,97,0,0.739130434782609,0.995744066567793
RAND_0269,28.8942857142857,8.35064971012568e-06,0,0,356,0,0.818181818181818,0.996637228943658
RAND_0270,28.8942857142857,8.35064971012568e-06,0,1,97,0,0.739130434782609,0.995301820963224
RAND_0271,28.8942857142857,8.35064971012568e-06,0,0,235,0,0.694915254237288,0.989423965381236
RAND_0272,21.6707142857143,0.000315516010147151,0,0,364,0,0.769911504424779,0.996617290667575
RAND_0273,28.8942857142857,8.35064971012568e-06,0,0,134,0,0.694915254237288,0.987727649041067
RAND_0274,28.8942857142857,8.35064971012568e-06,0,1,101,0,0.739130434782609,0.99717712294926
RAND_0275,28.8942857142857,8.35064971012568e-06,0,0,325,0,0.724137931034483,0.995744717962281
RAND_0276,28.8942857142857,8.35064971012568e-06,0,1,49,0,0.739130434782609,0.996205130701644
RAND_0277,21.6707142857143,0.000315516010147151,0,0,260,0,0.652892561983471,0.983393788241241
RAND_0278,21.6707142857143,0.000315516010147151,0,0,408,0,0.941747572815534,0.997014362977997
RAND_0279,21.6707142857143,0.000315516010147151,0,0,446,0,0.680672268907563,0.98948030671501
RAND_0280,28.8942857142857,8.35064971012568e-06,0,1,85,0,0.869158878504673,0.993643670370809
RAND_0281,28.8942857142857,8.35064971012568e-06,0,0,408,0,0.801801801801802,0.993002068125273
RAND_0282,14.4471428571429,0.00815293421191023,0,0,462,0,0.769911504424779,0.997394380743583
RAND_0283,28.8942857142857,8.35064971012568e-06,0,0,320,0,0.754385964912281,0.997828910796826
RAND_0284,28.8942857142857,8.35064971012568e-06,0,0,129,0,0.680672268907563,0.98803250893451
RAND_0285,21.6707142857143,0.000315516010147151,0,0,427,0,0.923076923076923,0.996663131730461
RAND_0286,28.8942857142857,8.35064971012568e-06,0,1,62,0,0.739130434782609,0.994949851202759
RAND_0287,21.6707142857143,0.000315516010147151,0,0,479,0,0.680672268907563,0.998193378324177
RAND_0288,21.6707142857143,0.000315516010147151,0,0,542,0,0.869158878504673,0.994401231074244
RAND_0289,21.6707142857143,0.000315516010147151,0,0,423,0,0.886792452830189,0.994279397122109
RAND_0290,28.8942857142857,8.35064971012568e-06,0,0,367,0,1,0.998825752643653
RAND_0291,21.6707142857143,0.000315516010147151,0,0,430,0,0.923076923076923,0.999124095608744
RAND_0292,36.1178571428571,1.59471074058841e-07,0,1,97,0,0.70940170940171,0.992951497127178
RAND_0293,28.8942857142857,8.35064971012568e-06,0,0,377,0,0.769911504424779,0.999304988555829
RAND_0294,28.8942857142857,8.35064971012568e-06,0,1,232,0,0.886792452830189,0.998289799347172
RAND_0295,28.8942857142857,8.35064971012568e-06,0,1,239,0,0.739130434782609,0.997397377266191
RAND_0296,28.8942857142857,8.35064971012568e-06,0,0,256,0,0.724137931034483,0.994928059989594
RAND_0297,21.6707142857143,0.000315516010147151,0,0,803,0,0.666666666666667,0.994918300373463
RAND_0298,21.6707142857143,0.000315516010147151,0,0,490,0,0.801801801801802,0.989901134608807
RAND_0299,28.8942857142857,8.35064971012568e-06,0,1,150,0,0.785714285714286,0.997300074140688
RAND_0300,21.6707142857143,0.000315516010147151,0,0,480,0,0.851851851851852,0.99959421917234
RAND_0301,21.6707142857143,0.000315516010147151,0,1,262,0,0.639344262295082,0.966869162352668
RAND_0302,28.8942857142857,8.35064971012568e-06,0,0,328,0,0.851851851851852,0.997940391016292
RAND_0303,28.8942857142857,8.35064971012568e-06,0,0,278,0,0.724137931034483,0.992144447768808
RAND_0304,28.8942857142857,8.35064971012568e-06,0,0,148,0,0.70940170940171,0.995709852232498
RAND_0305,28.8942857142857,8.35064971012568e-06,0,1,271,0,0.923076923076923,0.998891371995575
RAND_0306,28.8942857142857,8.35064971012568e-06,0,0,346,0,0.769911504424779,0.998533244007898
RAND_0307,21.6707142857143,0.000315516010147151,0,0,366,0,0.680672268907563,0.992414308750202
RAND_0308,28.8942857142857,8.35064971012568e-06,0,1,64,0,0.70940170940171,0.994070414174973
RAND_0309,28.8942857142857,8.35064971012568e-06,0,0,247,0,0.886792452830189,0.992697326589623
RAND_0310,28.8942857142857,8.35064971012568e-06,0,1,204,0,0.739130434782609,0.994636536606577
RAND_0311,28.8942857142857,8.35064971012568e-06,0,0,396,0,0.70940170940171,0.997490227907443
RAND_0312,28.8942857142857,8.35064971012568e-06,0,1,149,0,0.785714285714286,0.996490958585284
RAND_0313,21.6707142857143,0.000315516010147151,0,0,684,0,0.680672268907563,0.997832417846614
RAND_0314,28.8942857142857,8.35064971012568e-06,0,0,402,0,0.739130434782609,0.99112525758961
RAND_0315,28.8942857142857,8.35064971012568e-06,0,0,377,0,0.666666666666667,0.989141633513194
RAND_0316,28.8942857142857,8.35064971012568e-06,0,1,151,0,0.769911504424779,0.996963866688506
RAND_0317,28.8942857142857,8.35064971012568e-06,0,0,289,0,0.851851851851852,0.996804941826671
RAND_0318,28.8942857142857,8.35064971012568e-06,0,1,229,0,0.754385964912281,0.997456443423787
RAND_0319,21.6707142857143,0.000315516010147151,0,0,392,0,0.652892561983471,0.980915294755907
RAND_0320,28.8942857142857,8.35064971012568e-06,0,0,138,0,0.851851851851852,0.991276027012651
RAND_0321,28.8942857142857,8.35064971012568e-06,0,0,418,0,0.818181818181818,0.999640034481043
RAND_0322,28.8942857142857,8.35064971012568e-06,0,0,471,0,0.851851851851852,0.996600422723021
RAND_0323,28.8942857142857,8.35064971012568e-06,0,1,114,0,0.769911504424779,0.999664369106893
RAND_0324,28.8942857142857,8.35064971012568e-06,0,0,312,0,0.785714285714286,0.999135769770001
RAND_0325,21.6707142857143,0.000315516010147151,0,0,597,0,0.680672268907563,0.994631800820519
RAND_0326,28.8942857142857,8.35064971012568e-06,0,0,343,0,0.818181818181818,0.997853867156613
RAND_0327,21.6707142857143,0.000315516010147151,0,0,349,0,0.834862385321101,0.997967235325382
RAND_0328,28.8942857142857,8.35064971012568e-06,0,1,29,0,0.739130434782609,0.995089119035558
RAND_0329,14.4471428571429,0.00815293421191023,0,0,491,0,0.666666666666667,0.991925508952519
RAND_0330,14.4471428571429,0.00815293421191023,0,0,843,0,0.851851851851852,0.993444402932066
RAND_0331,36.1178571428571,1.59471074058841e-07,0,1,111,0,0.739130434782609,0.994052877521365
RAND_0332,28.8942857142857,8.35064971012568e-06,0,1,134,0,0.923076923076923,0.998924194595063
RAND_0333,21.6707142857143,0.000315516010147151,0,0,423,0,0.680672268907563,0.998605009217828
RAND_0334,21.6707142857143,0.000315516010147151,0,0,427,0,0.666666666666667,0.990790134181282
RAND_0335,21.6707142857143,0.000315516010147151,0,0,509,0,0.904761904761905,0.995233758852949
RAND_0336,21.6707142857143,0.000315516010147151,0,0,154,0,0.626016260162602,0.978335933294935
RAND_0337,21.6707142857143,0.000315516010147151,0,0,406,0,0.785714285714286,0.994132982506649
RAND_0338,28.8942857142857,8.35064971012568e-06,0,1,78,0,0.834862385321101,0.998122126700352
RAND_0339,21.6707142857143,0.000315516010147151,0,1,288,0,0.754385964912281,0.998528535165926
RAND_0340,28.8942857142857,8.35064971012568e-06,0,1,150,0,0.941747572815534,0.986147768769148
RAND_0341,21.6707142857143,0.000315516010147151,0,0,417,0,0.904761904761905,0.993221844042452
RAND_0342,28.8942857142857,8.35064971012568e-06,0,1,39,0,0.739130434782609,0.996224509989499
RAND_0343,21.6707142857143,0.000315516010147151,0,0,425,0,0.70940170940171,0.99897644591279
RAND_0344,21.6707142857143,0.000315516010147151,0,0,334,0,0.666666666666667,0.987803221226433
RAND_0345,28.8942857142857,8.35064971012568e-06,0,0,395,0,0.801801801801802,0.999832496610764
RAND_0346,21.6707142857143,0.000315516010147151,0,0,514,0,0.834862385321101,0.998798333610571
RAND_0347,21.6707142857143,0.000315516010147151,0,0,440,0,0.769911504424779,0.9981339235553
RAND_0348,21.6707142857143,0.000315516010147151,0,0,618,0,0.739130434782609,0.993869599418926
RAND_0349,28.8942857142857,8.35064971012568e-06,0,1,134,0,0.739130434782609,0.996468710541568
RAND_0350,21.6707142857143,0.000315516010147151,0,0,433,0,0.70940170940171,0.997909699379484
RAND_0351,28.8942857142857,8.35064971012568e-06,0,0,203,0,0.724137931034483,0.991469189375195
RAND_0352,28.8942857142857,8.35064971012568e-06,0,0,403,0,0.666666666666667,0.99245510367085
RAND_0353,21.6707142857143,0.000315516010147151,0,0,414,0,0.923076923076923,0.992618011062605
RAND_0354,28.8942857142857,8.35064971012568e-06,0,1,129,0,0.70940170940171,0.99630711790749
RAND_0355,28.8942857142857,8.35064971012568e-06,0,1,280,0,0.923076923076923,0.998716780853673
RAND_0356,21.6707142857143,0.000315516010147151,0,0,320,0,0.754385964912281,0.998796792173138
RAND_0357,28.8942857142857,8.35064971012568e-06,0,0,537,0,0.869158878504673,0.990924124618209
RAND_0358,21.6707142857143,0.000315516010147151,0,0,465,0,0.70940170940171,0.999140961771343
RAND_0359,21.6707142857143,0.000315516010147151,0,0,427,0,0.769911504424779,0.999321098008663
RAND_0360,21.6707142857143,0.000315516010147151,0,1,356,0,0.652892561983471,0.977489635207166
RAND_0361,28.8942857142857,8.35064971012568e-06,0,1,141,0,0.739130434782609,0.997912515570577
RAND_0362,28.8942857142857,8.35064971012568e-06,0,1,46,0,0.739130434782609,0.996629681517167
RAND_0363,28.8942857142857,8.35064971012568e-06,0,0,370,0,0.739130434782609,0.997396757070424
RAND_0364,28.8942857142857,8.35064971012568e-06,0,0,127,0,0.801801801801802,0.992264989780415
RAND_0365,28.8942857142857,8.35064971012568e-06,0,0,324,0,0.70940170940171,0.998666458592104
RAND_0366,28.8942857142857,8.35064971012568e-06,0,1,110,0,0.680672268907563,0.981331148627302
RAND_0367,21.6707142857143,0.000315516010147151,0,0,421,0,0.680672268907563,0.995455143062794
RAND_0368,28.8942857142857,8.35064971012568e-06,0,0,320,0,0.886792452830189,0.999728685292552
RAND_0369,21.6707142857143,0.000315516010147151,0,1,254,0,0.904761904761905,0.996048536491722
RAND_0370,28.8942857142857,8.35064971012568e-06,0,0,321,0,0.941747572815534,0.999581359674411
RAND_0371,28.8942857142857,8.35064971012568e-06,0,1,94,0,0.834862385321101,0.996170672424267
RAND_0372,28.8942857142857,8.35064971012568e-06,0,0,336,0,0.739130434782609,0.991866984927133
RAND_0373,28.8942857142857,8.35064971012568e-06,0,0,397,0,0.70940170940171,0.999344200665185
RAND_0374,28.8942857142857,8.35064971012568e-06,0,0,248,0,0.818181818181818,0.996493768182563
RAND_0375,21.6707142857143,0.000315516010147151,0,0,383,0,0.70940170940171,0.994819497225017
RAND_0376,28.8942857142857,8.35064971012568e-06,0,0,371,0,0.923076923076923,0.999511019146139
RAND_0377,21.6707142857143,0.000315516010147151,0,0,254,0,0.652892561983471,0.982632734186434
RAND_0378,28.8942857142857,8.35064971012568e-06,0,0,187,0,0.904761904761905,0.998102623610164
RAND_0379,28.8942857142857,8.35064971012568e-06,0,0,247,0,0.70940170940171,0.985556199481607
RAND_0380,21.6707142857143,0.000315516010147151,0,0,449,0,0.666666666666667,0.988848659496987
RAND_0381,21.6707142857143,0.000315516010147151,0,0,491,0,0.904761904761905,0.999638385905748
RAND_0382,28.8942857142857,8.35064971012568e-06,0,0,139,0,0.694915254237288,0.994962427671687
RAND_0383,28.8942857142857,8.35064971012568e-06,0,0,334,0,0.851851851851852,0.995755335952478
RAND_0384,21.6707142857143,0.000315516010147151,0,0,455,0,0.680672268907563,0.994944043800096
RAND_0385,21.6707142857143,0.000315516010147151,0,0,436,0,0.769911504424779,0.998112487955326
RAND_0386,21.6707142857143,0.000315516010147151,0,0,430,0,0.801801801801802,0.994037428221879
RAND_0387,21.6707142857143,0.000315516010147151,0,0,467,0,0.724137931034483,0.992632708353901
RAND_0388,28.8942857142857,8.35064971012568e-06,0,0,269,0,0.769911504424779,0.996963462103479
RAND_0389,28.8942857142857,8.35064971012568e-06,0,0,132,0,0.694915254237288,0.995393170147843
RAND_0390,21.6707142857143,0.000315516010147151,0,1,241,0,0.680672268907563,0.97350739713934
RAND_0391,28.8942857142857,8.35064971012568e-06,0,0,321,0,0.98019801980198,0.999829641402404
RAND_0392,14.4471428571429,0.00815293421191023,0,0,968,0,0.70940170940171,0.997764732599487
RAND_0393,28.8942857142857,8.35064971012568e-06,0,1,93,0,0.754385964912281,0.997798475419064
RAND_0394,14.4471428571429,0.00815293421191023,0,0,811,0,0.739130434782609,0.994962330291043
RAND_0395,28.8942857142857,8.35064971012568e-06,0,0,189,0,0.724137931034483,0.996314318613152
RAND_0396,28.8942857142857,8.35064971012568e-06,0,0,325,0,0.739130434782609,0.998998611725382
RAND_0397,28.8942857142857,8.35064971012568e-06,0,1,191,0,0.769911504424779,0.996355105738473
RAND_0398,21.6707142857143,0.000315516010147151,0,0,384,0,0.70940170940171,0.998186664475297
RAND_0399,28.8942857142857,8.35064971012568e-06,0,1,126,0,0.724137931034483,0.988339555245997
RAND_0400,28.8942857142857,8.35064971012568e-06,0,0,72,0,0.739130434782609,0.998846985147202
RAND_0401,28.8942857142857,8.35064971012568e-06,0,1,219,0,0.834862385321101,0.997854566518773
RAND_0402,21.6707142857143,0.000315516010147151,0,0,470,0,0.801801801801802,0.999295617063408
RAND_0403,21.6707142857143,0.000315516010147151,0,0,414,0,0.818181818181818,0.995953178616692
RAND_0404,28.8942857142857,8.35064971012568e-06,0,1,146,0,0.739130434782609,0.995602131490953
RAND_0405,28.8942857142857,8.35064971012568e-06,0,0,308,0,0.739130434782609,0.999279383309061
RAND_0406,28.8942857142857,8.35064971012568e-06,0,1,93,0,0.834862385321101,0.998542175578024
RAND_0407,21.6707142857143,0.000315516010147151,0,0,377,0,0.70940170940171,0.998198530576896
RAND_0408,21.6707142857143,0.000315516010147151,0,0,353,0,0.70940170940171,0.991677321511417
RAND_0409,28.8942857142857,8.35064971012568e-06,0,1,83,0,0.680672268907563,0.992501299528504
RAND_0410,28.8942857142857,8.35064971012568e-06,0,0,287,0,0.680672268907563,0.988965286687156
RAND_0411,28.8942857142857,8.35064971012568e-06,0,1,125,0,0.904761904761905,0.99453680577937
RAND_0412,28.8942857142857,8.35064971012568e-06,0,0,364,0,0.785714285714286,0.995267668590042
RAND_0413,28.8942857142857,8.35064971012568e-06,0,0,236,0,0.785714285714286,0.996451469280362
RAND_0414,28.8942857142857,8.35064971012568e-06,0,0,135,0,0.923076923076923,0.997230084262833
RAND_0415,21.6707142857143,0.000315516010147151,0,0,453,0,0.739130434782609,0.99838136093269
RAND_0416,21.6707142857143,0.000315516010147151,0,0,490,0,0.851851851851852,0.991018716043668
RAND_0417,21.6707142857143,0.000315516010147151,0,1,285,0,0.754385964912281,0.999536651011947
RAND_0418,28.8942857142857,8.35064971012568e-06,0,1,222,0,0.739130434782609,0.997217086312232
RAND_0419,21.6707142857143,0.000315516010147151,0,0,370,0,0.904761904761905,0.998807528515323
RAND_0420,28.8942857142857,8.35064971012568e-06,0,1,90,0,0.739130434782609,0.996927627501013
RAND_0421,28.8942857142857,8.35064971012568e-06,0,0,360,0,0.941747572815534,0.998878509537395
RAND_0422,21.6707142857143,0.000315516010147151,0,0,438,0,0.70940170940171,0.998541979011564
RAND_0423,28.8942857142857,8.35064971012568e-06,0,0,295,0,0.754385964912281,0.998626942261834
RAND_0424,28.8942857142857,8.35064971012568e-06,0,1,68,0,0.739130434782609,0.995857809394034
RAND_0425,28.8942857142857,8.35064971012568e-06,0,1,242,0,0.851851851851852,0.999281267125622
RAND_0426,28.8942857142857,8.35064971012568e-06,0,0,237,0,0.785714285714286,0.997041936338822
RAND_0427,21.6707142857143,0.000315516010147151,0,1,363,0,0.785714285714286,0.996658629363082
RAND_0428,21.6707142857143,0.000315516010147151,0,0,537,0,0.801801801801802,0.99935651222649
RAND_0429,21.6707142857143,0.000315516010147151,0,0,402,0,0.851851851851852,0.999314452500947
RAND_0430,21.6707142857143,0.000315516010147151,0,0,447,0,0.941747572815534,0.998519750424242
RAND_0431,21.6707142857143,0.000315516010147151,0,0,441,0,0.834862385321101,0.998818913460074
RAND_0432,28.8942857142857,8.35064971012568e-06,0,1,37,0,0.652892561983471,0.99459511281837
RAND_0433,21.6707142857143,0.000315516010147151,0,0,345,0,0.70940170940171,0.994258784437039
RAND_0434,21.6707142857143,0.000315516010147151,0,0,423,0,0.941747572815534,0.995405325738756
RAND_0435,28.8942857142857,8.35064971012568e-06,0,1,304,0,0.769911504424779,0.997349024894829
RAND_0436,28.8942857142857,8.35064971012568e-06,0,1,108,0,0.694915254237288,0.998874235788447
RAND_0437,21.6707142857143,0.000315516010147151,0,0,433,0,0.680672268907563,0.992157055999485
RAND_0438,28.8942857142857,8.35064971012568e-06,0,1,63,0,0.724137931034483,0.996056451952849
RAND_0439,28.8942857142857,8.35064971012568e-06,0,0,361,0,0.941747572815534,0.997437151840617
RAND_0440,28.8942857142857,8.35064971012568e-06,0,1,237,0,0.754385964912281,0.998404411790627
RAND_0441,21.6707142857143,0.000315516010147151,0,0,355,0,0.680672268907563,0.990825033820448
RAND_0442,28.8942857142857,8.35064971012568e-06,0,1,92,0,0.834862385321101,0.992962903078101
RAND_0443,28.8942857142857,8.35064971012568e-06,0,1,327,0,0.941747572815534,0.998799393728633
RAND_0444,28.8942857142857,8.35064971012568e-06,0,1,234,0,0.724137931034483,0.985044593302075
RAND_0445,21.6707142857143,0.000315516010147151,0,0,441,0,0.70940170940171,0.998230109273181
RAND_0446,21.6707142857143,0.000315516010147151,0,0,394,0,0.680672268907563,0.991186364410626
RAND_0447,21.6707142857143,0.000315516010147151,0,0,586,0,0.680672268907563,0.995036686707199
RAND_0448,28.8942857142857,8.35064971012568e-06,0,1,201,0,0.923076923076923,0.999139357158675
RAND_0449,21.6707142857143,0.000315516010147151,0,0,520,0,0.96078431372549,0.98943974143437
RAND_0450,28.8942857142857,8.35064971012568e-06,0,1,92,0,0.754385964912281,0.996657127413074
RAND_0451,28.8942857142857,8.35064971012568e-06,0,1,73,0,0.694915254237288,0.997248729971511
RAND_0452,28.8942857142857,8.35064971012568e-06,0,0,355,0,0.869158878504673,0.995688479813563
RAND_0453,21.6707142857143,0.000315516010147151,0,0,344,0,0.70940170940171,0.99565174954948
RAND_0454,28.8942857142857,8.35064971012568e-06,0,0,142,0,0.652892561983471,0.981278003052626
RAND_0455,21.6707142857143,0.000315516010147151,0,0,495,0,0.769911504424779,0.996499923664288
RAND_0456,28.8942857142857,8.35064971012568e-06,0,0,299,0,0.98019801980198,0.999892678881598
RAND_0457,14.4471428571429,0.00815293421191023,0,0,428,0,0.694915254237288,0.994706919820505
RAND_0458,21.6707142857143,0.000315516010147151,0,0,434,0,0.834862385321101,0.999637263564374
RAND_0459,21.6707142857143,0.000315516010147151,0,0,442,0,0.680672268907563,0.997889774209767
RAND_0460,28.8942857142857,8.35064971012568e-06,0,0,274,0,0.694915254237288,0.98976848156677
RAND_0461,28.8942857142857,8.35064971012568e-06,0,0,429,0,0.694915254237288,0.998964270737787
RAND_0462,28.8942857142857,8.35064971012568e-06,0,0,334,0,0.904761904761905,0.999262972049948
RAND_0463,21.6707142857143,0.000315516010147151,0,0,411,0,0.739130434782609,0.999182947978186
RAND_0464,28.8942857142857,8.35064971012568e-06,0,0,214,0,0.785714285714286,0.996706358682906
RAND_0465,28.8942857142857,8.35064971012568e-06,0,1,148,0,0.769911504424779,0.991560764316669
RAND_0466,28.8942857142857,8.35064971012568e-06,0,0,322,0,0.869158878504673,0.999441209599799
RAND_0467,28.8942857142857,8.35064971012568e-06,0,1,151,0,0.904761904761905,0.996988430704774
RAND_0468,28.8942857142857,8.35064971012568e-06,0,1,217,0,0.923076923076923,0.999834638659873
RAND_0469,28.8942857142857,8.35064971012568e-06,0,0,406,0,0.70940170940171,0.996975972500769
RAND_0470,21.6707142857143,0.000315516010147151,0,0,596,0,0.923076923076923,0.996450746915311
RAND_0471,28.8942857142857,8.35064971012568e-06,0,0,375,0,0.724137931034483,0.999364445454926
RAND_0472,28.8942857142857,8.35064971012568e-06,0,1,229,0,0.739130434782609,0.993645432056708
RAND_0473,28.8942857142857,8.35064971012568e-06,0,0,214,0,0.904761904761905,0.994371339053424
RAND_0474,28.8942857142857,8.35064971012568e-06,0,0,132,0,0.739130434782609,0.999537413961456
RAND_0475,28.8942857142857,8.35064971012568e-06,0,0,361,0,0.724137931034483,0.998324894786615
RAND_0476,14.4471428571429,0.00815293421191023,0,0,599,0,0.739130434782609,0.999085710378706
RAND_0477,28.8942857142857,8.35064971012568e-06,0,0,342,0,0.785714285714286,0.999689657798369
RAND_0478,28.8942857142857,8.35064971012568e-06,0,0,234,0,0.923076923076923,0.997635702689701
RAND_0479,28.8942857142857,8.35064971012568e-06,0,1,103,0,0.739130434782609,0.994306191339112
RAND_0480,28.8942857142857,8.35064971012568e-06,0,0,364,0,1,0.999107566839282
RAND_0481,28.8942857142857,8.35064971012568e-06,0,0,261,0,0.801801801801802,0.996532832772753
RAND_0482,28.8942857142857,8.35064971012568e-06,0,1,120,0,0.904761904761905,0.996724202807899
RAND_0483,28.8942857142857,8.35064971012568e-06,0,1,60,0,0.785714285714286,0.990638246758569
RAND_0484,21.6707142857143,0.000315516010147151,0,0,462,0,0.834862385321101,0.999470730422578
RAND_0485,21.6707142857143,0.000315516010147151,0,0,407,0,0.70940170940171,0.997315858006562
RAND_0486,21.6707142857143,0.000315516010147151,0,0,883,0,0.666666666666667,0.994619675400947
RAND_0487,21.6707142857143,0.000315516010147151,0,0,749,0,0.680672268907563,0.998292865621416
RAND_0488,21.6707142857143,0.000315516010147151,0,0,439,0,0.724137931034483,0.9978341117834
RAND_0489,21.6707142857143,0.000315516010147151,0,0,452,0,0.70940170940171,0.998833356442607
RAND_0490,21.6707142857143,0.000315516010147151,0,0,567,0,0.680672268907563,0.994775932565997
RAND_0491,28.8942857142857,8.35064971012568e-06,0,0,375,0,0.724137931034483,0.99779168364013
RAND_0492,21.6707142857143,0.000315516010147151,0,0,412,0,0.70940170940171,0.994962072493827
RAND_0493,21.6707142857143,0.000315516010147151,0,0,364,0,0.70940170940171,0.997845420992165
RAND_0494,28.8942857142857,8.35064971012568e-06,0,0,244,0,0.694915254237288,0.99065346352745
RAND_0495,28.8942857142857,8.35064971012568e-06,0,1,240,0,0.923076923076923,0.997163072345073
RAND_0496,28.8942857142857,8.35064971012568e-06,0,0,224,0,0.724137931034483,0.993849970796689
RAND_0497,28.8942857142857,8.35064971012568e-06,0,0,245,0,0.754385964912281,0.98898833801525
RAND_0498,14.4471428571429,0.00815293421191023,0,0,586,0,0.785714285714286,0.997207275803004
RAND_0499,28.8942857142857,8.35064971012568e-06,0,0,298,0,0.923076923076923,0.999377418597464
RAND_0500,28.8942857142857,8.35064971012568e-06,0,0,220,0,0.724137931034483,0.997868779344705
RAND_0501,21.6707142857143,0.000315516010147151,0,0,321,0,0.666666666666667,0.987455382304455
RAND_0502,28.8942857142857,8.35064971012568e-06,0,0,330,0,0.923076923076923,0.998312606065677
RAND_0503,21.6707142857143,0.000315516010147151,0,0,670,0,0.70940170940171,0.999101866377132
RAND_0504,21.6707142857143,0.000315516010147151,0,0,402,0,0.904761904761905,0.998874462050286
RAND_0505,28.8942857142857,8.35064971012568e-06,0,1,79,0,0.639344262295082,0.992491880555982
RAND_0506,28.8942857142857,8.35064971012568e-06,0,0,371,0,0.941747572815534,0.998766217361758
RAND_0507,28.8942857142857,8.35064971012568e-06,0,0,277,0,0.818181818181818,0.996450016975501
RAND_0508,21.6707142857143,0.000315516010147151,0,0,510,0,0.923076923076923,0.996056706023631
RAND_0509,28.8942857142857,8.35064971012568e-06,0,1,294,0,0.739130434782609,0.99699347418859
RAND_0510,21.6707142857143,0.000315516010147151,0,0,689,0,0.923076923076923,0.989869846998049
RAND_0511,28.8942857142857,8.35064971012568e-06,0,0,308,0,0.801801801801802,0.999442013923167
RAND_0512,28.8942857142857,8.35064971012568e-06,0,0,248,0,0.941747572815534,0.999715355637139
RAND_0513,28.8942857142857,8.35064971012568e-06,0,1,126,0,0.923076923076923,0.998835624528748
RAND_0514,21.6707142857143,0.000315516010147151,0,0,438,0,0.801801801801802,0.999672384148536
RAND_0515,21.6707142857143,0.000315516010147151,0,0,517,0,0.869158878504673,0.995001653816114
RAND_0516,21.6707142857143,0.000315516010147151,0,0,382,0,0.652892561983471,0.987018544648624
RAND_0517,28.8942857142857,8.35064971012568e-06,0,1,226,0,0.923076923076923,0.992818186259362
RAND_0518,28.8942857142857,8.35064971012568e-06,0,0,371,0,0.96078431372549,0.998895652367359
RAND_0519,28.8942857142857,8.35064971012568e-06,0,0,311,0,0.851851851851852,0.998117037767979
RAND_0520,28.8942857142857,8.35064971012568e-06,0,1,46,0,0.754385964912281,0.990714547635797
RAND_0521,28.8942857142857,8.35064971012568e-06,0,0,231,0,0.694915254237288,0.999351397087189
RAND_0522,28.8942857142857,8.35064971012568e-06,0,0,245,0,0.724137931034483,0.99644386269529
RAND_0523,21.6707142857143,0.000315516010147151,0,0,362,0,0.851851851851852,0.997298172696123
RAND_0524,21.6707142857143,0.000315516010147151,0,0,351,0,0.834862385321101,0.995310290426587
RAND_0525,28.8942857142857,8.35064971012568e-06,0,0,341,0,0.785714285714286,0.99677753594639
RAND_0526,28.8942857142857,8.35064971012568e-06,0,0,396,0,0.785714285714286,0.992937993983652
RAND_0527,28.8942857142857,8.35064971012568e-06,0,1,25,0,0.639344262295082,0.998281320637379
RAND_0528,28.8942857142857,8.35064971012568e-06,0,0,419,0,0.818181818181818,0.999701092829403
RAND_0529,21.6707142857143,0.000315516010147151,0,0,792,0,0.904761904761905,0.995792588735659
RAND_0530,21.6707142857143,0.000315516010147151,0,0,901,0,0.652892561983471,0.995023508517953
RAND_0531,28.8942857142857,8.35064971012568e-06,0,1,44,0,0.739130434782609,0.997677871213168
RAND_0532,28.8942857142857,8.35064971012568e-06,0,1,90,0,0.739130434782609,0.994374415038451
RAND_0533,36.1178571428571,1.59471074058841e-07,0,1,86,0,0.739130434782609,0.992950437380598
RAND_0534,28.8942857142857,8.35064971012568e-06,0,0,300,0,0.666666666666667,0.988124393274435
RAND_0535,28.8942857142857,8.35064971012568e-06,0,0,389,0,0.724137931034483,0.99923666540367
RAND_0536,28.8942857142857,8.35064971012568e-06,0,0,319,0,0.754385964912281,0.999012492405367
RAND_0537,21.6707142857143,0.000315516010147151,0,0,496,0,0.70940170940171,0.999198308766173
RAND_0538,28.8942857142857,8.35064971012568e-06,0,1,29,0,0.739130434782609,0.995985534413646
RAND_0539,28.8942857142857,8.35064971012568e-06,0,1,93,0,0.834862385321101,0.997794969994512
RAND_0540,21.6707142857143,0.000315516010147151,0,0,277,0,0.680672268907563,0.989663036027577
RAND_0541,28.8942857142857,8.35064971012568e-06,0,0,320,0,0.724137931034483,0.998226378985654
RAND_0542,28.8942857142857,8.35064971012568e-06,0,1,89,0,0.754385964912281,0.99744648389205
RAND_0543,28.8942857142857,8.35064971012568e-06,0,0,230,0,0.904761904761905,0.996879322098966
RAND_0544,28.8942857142857,8.35064971012568e-06,0,1,223,0,0.785714285714286,0.997360748515493
RAND_0545,28.8942857142857,8.35064971012568e-06,0,0,352,0,0.801801801801802,0.990381046619055
RAND_0546,21.6707142857143,0.000315516010147151,0,0,360,0,0.904761904761905,0.995349489034877
RAND_0547,21.6707142857143,0.000315516010147151,0,0,413,0,0.680672268907563,0.991058929687141
RAND_0548,28.8942857142857,8.35064971012568e-06,0,0,408,0,0.851851851851852,0.999258208826428
RAND_0549,21.6707142857143,0.000315516010147151,0,0,373,0,0.801801801801802,0.996499477368747
RAND_0550,28.8942857142857,8.35064971012568e-06,0,1,123,0,0.904761904761905,0.994535401372528
RAND_0551,28.8942857142857,8.35064971012568e-06,0,0,252,0,0.923076923076923,0.999165032180296
RAND_0552,21.6707142857143,0.000315516010147151,0,0,434,0,0.754385964912281,0.998259602728151
RAND_0553,28.8942857142857,8.35064971012568e-06,0,0,351,0,0.904761904761905,0.998775383041289
RAND_0554,28.8942857142857,8.35064971012568e-06,0,0,364,0,0.724137931034483,0.997893161311352
RAND_0555,21.6707142857143,0.000315516010147151,0,0,376,0,0.666666666666667,0.989188698337968
RAND_0556,28.8942857142857,8.35064971012568e-06,0,0,362,0,0.785714285714286,0.995312279390097
RAND_0557,28.8942857142857,8.35064971012568e-06,0,0,306,0,0.886792452830189,0.999654598003828
RAND_0558,28.8942857142857,8.35064971012568e-06,0,1,289,0,0.923076923076923,0.998170462563962
RAND_0559,28.8942857142857,8.35064971012568e-06,0,0,180,0,0.724137931034483,0.994159009972252
RAND_0560,28.8942857142857,8.35064971012568e-06,0,0,373,0,0.666666666666667,0.989146145359179
RAND_0561,28.8942857142857,8.35064971012568e-06,0,1,129,0,0.923076923076923,0.987344663223521
RAND_0562,21.6707142857143,0.000315516010147151,0,1,319,0,0.754385964912281,0.998266384256491
RAND_0563,28.8942857142857,8.35064971012568e-06,0,1,94,0,0.834862385321101,0.994175003598017
RAND_0564,21.6707142857143,0.000315516010147151,0,0,575,0,0.680672268907563,0.994105620171077
RAND_0565,28.8942857142857,8.35064971012568e-06,0,0,347,0,0.724137931034483,0.998863777518294
RAND_0566,28.8942857142857,8.35064971012568e-06,0,1,230,0,0.785714285714286,0.997113414619184
RAND_0567,28.8942857142857,8.35064971012568e-06,0,1,234,0,0.923076923076923,0.998459123906825
RAND_0568,21.6707142857143,0.000315516010147151,0,0,402,0,0.904761904761905,0.999249666923986
RAND_0569,28.8942857142857,8.35064971012568e-06,0,1,256,0,0.739130434782609,0.994327605218971
RAND_0570,28.8942857142857,8.35064971012568e-06,0,1,60,0,0.754385964912281,0.991122002428146
RAND_0571,28.8942857142857,8.35064971012568e-06,0,1,282,0,0.769911504424779,0.997842227102088
RAND_0572,21.6707142857143,0.000315516010147151,0,0,373,0,0.923076923076923,0.993031430905484
RAND_0573,28.8942857142857,8.35064971012568e-06,0,0,224,0,0.754385964912281,0.997968156062065
RAND_0574,28.8942857142857,8.35064971012568e-06,0,1,145,0,0.923076923076923,0.999220275353884
RAND_0575,28.8942857142857,8.35064971012568e-06,0,0,313,0,0.869158878504673,0.99940513715569
RAND_0576,14.4471428571429,0.00815293421191023,0,0,994,0,0.652892561983471,0.993761617983763
RAND_0577,28.8942857142857,8.35064971012568e-06,0,0,339,0,0.785714285714286,0.993353123295929
RAND_0578,21.6707142857143,0.000315516010147151,0,0,354,0,0.754385964912281,0.996539013793897
RAND_0579,28.8942857142857,8.35064971012568e-06,0,0,364,0,0.769911504424779,0.995100755061819
RAND_0580,28.8942857142857,8.35064971012568e-06,0,1,229,0,0.923076923076923,0.999306907506505
RAND_0581,28.8942857142857,8.35064971012568e-06,0,1,65,0,0.754385964912281,0.998427554108706
RAND_0582,28.8942857142857,8.35064971012568e-06,0,1,86,0,0.739130434782609,0.995375752432471
RAND_0583,21.6707142857143,0.000315516010147151,0,0,345,0,0.70940170940171,0.987475965526323
RAND_0584,28.8942857142857,8.35064971012568e-06,0,0,390,0,0.739130434782609,0.99287317864166
RAND_0585,21.6707142857143,0.000315516010147151,0,0,354,0,0.666666666666667,0.987494265576379
RAND_0586,28.8942857142857,8.35064971012568e-06,0,0,444,0,0.886792452830189,0.990773207797894
RAND_0587,21.6707142857143,0.000315516010147151,0,0,436,0,0.739130434782609,0.998257233621999
RAND_0588,28.8942857142857,8.35064971012568e-06,0,0,229,0,0.724137931034483,0.999336527747276
RAND_0589,28.8942857142857,8.35064971012568e-06,0,0,326,0,0.941747572815534,0.999203143006691
RAND_0590,28.8942857142857,8.35064971012568e-06,0,1,136,0,0.851851851851852,0.994570019486036
RAND_0591,28.8942857142857,8.35064971012568e-06,0,0,247,0,0.904761904761905,0.996684766653991
RAND_0592,21.6707142857143,0.000315516010147151,0,1,365,0,0.851851851851852,0.999119715139852
RAND_0593,28.8942857142857,8.35064971012568e-06,0,0,262,0,0.769911504424779,0.988078235249947
RAND_0594,28.8942857142857,8.35064971012568e-06,0,1,74,0,0.739130434782609,0.995261093275096
RAND_0595,21.6707142857143,0.000315516010147151,0,1,295,0,0.739130434782609,0.991322810427855
RAND_0596,21.6707142857143,0.000315516010147151,0,0,429,0,0.680672268907563,0.99770226910132
RAND_0597,28.8942857142857,8.35064971012568e-06,0,1,186,0,0.923076923076923,0.99871279459732
RAND_0598,28.8942857142857,8.35064971012568e-06,0,1,187,0,0.769911504424779,0.996920186550681
RAND_0599,28.8942857142857,8.35064971012568e-06,0,1,226,0,0.739130434782609,0.991704423617723
RAND_0600,28.8942857142857,8.35064971012568e-06,0,0,348,0,0.785714285714286,0.994112156120491
RAND_0601,21.6707142857143,0.000315516010147151,0,0,460,0,0.680672268907563,0.994101010102809
RAND_0602,21.6707142857143,0.000315516010147151,0,0,507,0,0.785714285714286,0.999733709116821
RAND_0603,21.6707142857143,0.000315516010147151,0,0,448,0,0.801801801801802,0.99963337731226
RAND_0604,28.8942857142857,8.35064971012568e-06,0,0,372,0,0.639344262295082,0.985503687249694
RAND_0605,28.8942857142857,8.35064971012568e-06,0,0,423,0,0.886792452830189,0.997843160881288
RAND_0606,21.6707142857143,0.000315516010147151,0,0,716,0,0.666666666666667,0.997659461720897
RAND_0607,21.6707142857143,0.000315516010147151,0,0,490,0,0.923076923076923,0.998947168933418
RAND_0608,21.6707142857143,0.000315516010147151,0,0,485,0,0.801801801801802,0.998106771554256
RAND_0609,21.6707142857143,0.000315516010147151,0,0,456,0,0.70940170940171,0.997776472739511
RAND_0610,21.6707142857143,0.000315516010147151,0,1,377,0,0.886792452830189,0.998398738980702
RAND_0611,14.4471428571429,0.00815293421191023,0,0,480,0,0.769911504424779,0.998848790755098
RAND_0612,14.4471428571429,0.00815293421191023,0,0,1030,0,0.818181818181818,0.989662068965871
RAND_0613,21.6707142857143,0.000315516010147151,0,0,365,0,0.666666666666667,0.990630191799975
RAND_0614,21.6707142857143,0.000315516010147151,0,0,386,0,0.680672268907563,0.986792947044121
RAND_0615,28.8942857142857,8.35064971012568e-06,0,0,423,0,0.801801801801802,0.999683671683622
RAND_0616,28.8942857142857,8.35064971012568e-06,0,0,167,0,0.70940170940171,0.992054893697705
RAND_0617,21.6707142857143,0.000315516010147151,0,0,627,0,0.666666666666667,0.99491749620101
RAND_0618,28.8942857142857,8.35064971012568e-06,0,1,27,0,0.724137931034483,0.998868803896504
RAND_0619,28.8942857142857,8.35064971012568e-06,0,0,273,0,0.694915254237288,0.992828055114553
RAND_0620,28.8942857142857,8.35064971012568e-06,0,1,79,0,0.652892561983471,0.994416529354502
RAND_0621,28.8942857142857,8.35064971012568e-06,0,0,324,0,0.785714285714286,0.997107803643675
RAND_0622,21.6707142857143,0.000315516010147151,0,0,488,0,0.851851851851852,0.997511788470634
RAND_0623,28.8942857142857,8.35064971012568e-06,0,0,360,0,0.769911504424779,0.996205655943012
RAND_0624,28.8942857142857,8.35064971012568e-06,0,1,285,0,0.739130434782609,0.992953322766103
RAND_0625,28.8942857142857,8.35064971012568e-06,0,1,239,0,0.923076923076923,0.998839884962372
RAND_0626,28.8942857142857,8.35064971012568e-06,0,0,244,0,0.680672268907563,0.984691292978516
RAND_0627,28.8942857142857,8.35064971012568e-06,0,0,319,0,0.785714285714286,0.996796947048236
RAND_0628,28.8942857142857,8.35064971012568e-06,0,0,303,0,0.769911504424779,0.999376740978636
RAND_0629,28.8942857142857,8.35064971012568e-06,0,0,130,0,0.694915254237288,0.996074591336742
RAND_0630,21.6707142857143,0.000315516010147151,0,0,424,0,0.739130434782609,0.999034078124885
RAND_0631,28.8942857142857,8.35064971012568e-06,0,0,230,0,0.904761904761905,0.998513542743427
RAND_0632,21.6707142857143,0.000315516010147151,0,0,420,0,0.801801801801802,0.995291176237899
RAND_0633,28.8942857142857,8.35064971012568e-06,0,0,212,0,0.666666666666667,0.99247259675653
RAND_0634,21.6707142857143,0.000315516010147151,0,0,368,0,0.785714285714286,0.992487353061298
RAND_0635,28.8942857142857,8.35064971012568e-06,0,1,142,0,0.818181818181818,0.999617654537837
RAND_0636,21.6707142857143,0.000315516010147151,0,1,349,0,0.70940170940171,0.995011803250844
RAND_0637,21.6707142857143,0.000315516010147151,0,0,430,0,0.70940170940171,0.999236081555141
RAND_0638,21.6707142857143,0.000315516010147151,0,1,316,0,0.923076923076923,0.99907770027662
RAND_0639,28.8942857142857,8.35064971012568e-06,0,1,248,0,0.923076923076923,0.999000834519685
RAND_0640,21.6707142857143,0.000315516010147151,0,0,276,0,0.6,0.978629900324381
RAND_0641,21.6707142857143,0.000315516010147151,0,0,428,0,0.801801801801802,0.989855031610158
RAND_0642,28.8942857142857,8.35064971012568e-06,0,1,113,0,0.754385964912281,0.997645788055316
RAND_0643,28.8942857142857,8.35064971012568e-06,0,1,305,0,0.739130434782609,0.992430219117462
RAND_0644,21.6707142857143,0.000315516010147151,0,0,393,0,0.70940170940171,0.998303517439734
RAND_0645,28.8942857142857,8.35064971012568e-06,0,0,375,0,0.769911504424779,0.995388599166494
RAND_0646,28.8942857142857,8.35064971012568e-06,0,0,119,0,0.70940170940171,0.98520084560883
RAND_0647,14.4471428571429,0.00815293421191023,0,0,545,0,0.769911504424779,0.999448302140217
RAND_0648,28.8942857142857,8.35064971012568e-06,0,1,111,0,0.739130434782609,0.995720872427911
RAND_0649,21.6707142857143,0.000315516010147151,0,0,479,0,0.680672268907563,0.996272327925302
RAND_0650,28.8942857142857,8.35064971012568e-06,0,1,139,0,0.923076923076923,0.999680763631883
RAND_0651,28.8942857142857,8.35064971012568e-06,0,0,321,0,0.724137931034483,0.998831651761852
RAND_0652,21.6707142857143,0.000315516010147151,0,1,329,0,0.923076923076923,0.999375762911762
RAND_0653,21.6707142857143,0.000315516010147151,0,0,327,0,0.70940170940171,0.995385270451503
RAND_0654,28.8942857142857,8.35064971012568e-06,0,1,140,0,0.941747572815534,0.996755933736534
RAND_0655,28.8942857142857,8.35064971012568e-06,0,1,254,0,0.923076923076923,0.99126084383391
RAND_0656,28.8942857142857,8.35064971012568e-06,0,1,46,0,0.754385964912281,0.98613091931165
RAND_0657,28.8942857142857,8.35064971012568e-06,0,1,256,0,0.941747572815534,0.997564437495158
RAND_0658,21.6707142857143,0.000315516010147151,0,1,340,0,0.769911504424779,0.996429550817042
RAND_0659,21.6707142857143,0.000315516010147151,0,0,481,0,0.851851851851852,0.99635607975967
RAND_0660,28.8942857142857,8.35064971012568e-06,0,1,226,0,0.785714285714286,0.997443511504192
RAND_0661,28.8942857142857,8.35064971012568e-06,0,1,77,0,0.834862385321101,0.995962157661115
RAND_0662,21.6707142857143,0.000315516010147151,0,0,401,0,0.754385964912281,0.998860327171821
RAND_0663,28.8942857142857,8.35064971012568e-06,0,0,371,0,0.754385964912281,0.998518931293815
RAND_0664,28.8942857142857,8.35064971012568e-06,0,0,242,0,0.923076923076923,0.999255176589264
RAND_0665,28.8942857142857,8.35064971012568e-06,0,0,338,0,0.869158878504673,0.997614599578134
RAND_0666,28.8942857142857,8.35064971012568e-06,0,0,351,0,0.904761904761905,0.998398751970979
RAND_0667,28.8942857142857,8.35064971012568e-06,0,0,282,0,0.834862385321101,0.998998284112681
RAND_0668,28.8942857142857,8.35064971012568e-06,0,1,57,0,0.739130434782609,0.995794757003302
RAND_0669,36.1178571428571,1.59471074058841e-07,0,1,70,0,0.739130434782609,0.991945356325684
RAND_0670,28.8942857142857,8.35064971012568e-06,0,0,362,0,0.941747572815534,0.999141836891141
RAND_0671,28.8942857142857,8.35064971012568e-06,0,0,214,0,0.869158878504673,0.998081998788065
RAND_0672,28.8942857142857,8.35064971012568e-06,0,1,31,0,0.739130434782609,0.997387899947705
RAND_0673,28.8942857142857,8.35064971012568e-06,0,1,151,0,0.739130434782609,0.995048299742178
RAND_0674,28.8942857142857,8.35064971012568e-06,0,0,325,0,0.941747572815534,0.999731360564097
RAND_0675,28.8942857142857,8.35064971012568e-06,0,1,228,0,0.869158878504673,0.998045619632948
RAND_0676,28.8942857142857,8.35064971012568e-06,0,0,234,0,0.724137931034483,0.992048674071407
RAND_0677,28.8942857142857,8.35064971012568e-06,0,0,398,0,0.769911504424779,0.998636679803781
RAND_0678,21.6707142857143,0.000315516010147151,0,0,388,0,0.70940170940171,0.99904451693284
RAND_0679,28.8942857142857,8.35064971012568e-06,0,0,378,0,0.70940170940171,0.998205020259331
RAND_0680,21.6707142857143,0.000315516010147151,0,0,519,0,0.680672268907563,0.997740708614232
RAND_0681,21.6707142857143,0.000315516010147151,0,0,445,0,0.801801801801802,0.996447961516632
RAND_0682,21.6707142857143,0.000315516010147151,0,0,501,0,0.70940170940171,0.999343550315491
RAND_0683,21.6707142857143,0.000315516010147151,0,0,431,0,0.785714285714286,0.999624016331632
RAND_0684,21.6707142857143,0.000315516010147151,0,0,419,0,0.785714285714286,0.994088634228604
RAND_0685,28.8942857142857,8.35064971012568e-06,0,0,232,0,0.834862385321101,0.999808640425296
RAND_0686,21.6707142857143,0.000315516010147151,0,0,389,0,0.724137931034483,0.993180496001839
RAND_0687,28.8942857142857,8.35064971012568e-06,0,0,393,0,0.801801801801802,0.996398614913105
RAND_0688,28.8942857142857,8.35064971012568e-06,0,0,377,0,0.739130434782609,0.991132375530141
RAND_0689,28.8942857142857,8.35064971012568e-06,0,0,339,0,0.769911504424779,0.997205750681777
RAND_0690,28.8942857142857,8.35064971012568e-06,0,0,175,0,0.904761904761905,0.993482694136411
RAND_0691,21.6707142857143,0.000315516010147151,0,0,315,0,0.70940170940171,0.99232303924857
RAND_0692,28.8942857142857,8.35064971012568e-06,0,0,297,0,0.70940170940171,0.992232461795538
RAND_0693,7.22357142857143,0.129958714220974,0,0,630,0,0.612903225806452,0.988422381398323
RAND_0694,21.6707142857143,0.000315516010147151,0,0,464,0,0.923076923076923,0.98856075252471
RAND_0695,28.8942857142857,8.35064971012568e-06,0,1,150,0,0.724137931034483,0.98513645413993
RAND_0696,28.8942857142857,8.35064971012568e-06,0,0,314,0,0.724137931034483,0.998277129659366
RAND_0697,21.6707142857143,0.000315516010147151,0,0,402,0,0.785714285714286,0.992262948983493
RAND_0698,21.6707142857143,0.000315516010147151,0,0,455,0,0.941747572815534,0.993834838011865
RAND_0699,21.6707142857143,0.000315516010147151,0,0,461,0,0.666666666666667,0.989085474948788
RAND_0700,21.6707142857143,0.000315516010147151,0,0,567,0,0.70940170940171,0.998853144372774
RAND_0701,28.8942857142857,8.35064971012568e-06,0,1,148,0,0.754385964912281,0.994558314956088
RAND_0702,21.6707142857143,0.000315516010147151,0,0,373,0,0.639344262295082,0.982580861658919
RAND_0703,21.6707142857143,0.000315516010147151,0,1,351,0,0.680672268907563,0.991099610794851
RAND_0704,21.6707142857143,0.000315516010147151,0,0,435,0,0.680672268907563,0.997332623538046
RAND_0705,28.8942857142857,8.35064971012568e-06,0,1,90,0,0.851851851851852,0.996440122122342
RAND_0706,21.6707142857143,0.000315516010147151,0,0,456,0,0.680672268907563,0.994687807280271
RAND_0707,21.6707142857143,0.000315516010147151,0,0,406,0,0.680672268907563,0.996522740772693
RAND_0708,28.8942857142857,8.35064971012568e-06,0,0,302,0,0.818181818181818,0.995608917616389
RAND_0709,21.6707142857143,0.000315516010147151,0,0,506,0,0.612903225806452,0.982734056653445
RAND_0710,28.8942857142857,8.35064971012568e-06,0,0,241,0,0.680672268907563,0.985378120473504
RAND_0711,28.8942857142857,8.35064971012568e-06,0,1,88,0,0.724137931034483,0.992994279003008
RAND_0712,28.8942857142857,8.35064971012568e-06,0,0,139,0,0.680672268907563,0.984190136066491
RAND_0713,28.8942857142857,8.35064971012568e-06,0,0,396,0,0.739130434782609,0.999562543600395
RAND_0714,14.4471428571429,0.00815293421191023,0,0,610,0,0.680672268907563,0.99573077123968
RAND_0715,21.6707142857143,0.000315516010147151,0,0,455,0,0.666666666666667,0.987333599500811
RAND_0716,28.8942857142857,8.35064971012568e-06,0,0,339,0,0.818181818181818,0.991995572708947
RAND_0717,28.8942857142857,8.35064971012568e-06,0,1,150,0,0.739130434782609,0.994578403282061
RAND_0718,28.8942857142857,8.35064971012568e-06,0,1,223,0,0.739130434782609,0.994247393298979
RAND_0719,28.8942857142857,8.35064971012568e-06,0,1,102,0,0.904761904761905,0.996294284088286
RAND_0720,21.6707142857143,0.000315516010147151,0,0,549,0,0.70940170940171,0.994576977044821
RAND_0721,21.6707142857143,0.000315516010147151,0,0,332,0,0.70940170940171,0.996505963551121
RAND_0722,21.6707142857143,0.000315516010147151,0,0,501,0,0.834862385321101,0.996177356751901
RAND_0723,28.8942857142857,8.35064971012568e-06,0,0,372,0,0.769911504424779,0.998820942758453
RAND_0724,21.6707142857143,0.000315516010147151,0,0,407,0,0.694915254237288,0.997576973965872
RAND_0725,21.6707142857143,0.000315516010147151,0,0,359,0,0.785714285714286,0.995771603476902
RAND_0726,28.8942857142857,8.35064971012568e-06,0,1,212,0,0.724137931034483,0.98629891546745
RAND_0727,28.8942857142857,8.35064971012568e-06,0,0,431,0,0.801801801801802,0.996838470393742
RAND_0728,28.8942857142857,8.35064971012568e-06,0,1,79,0,0.694915254237288,0.998786948880583
RAND_0729,28.8942857142857,8.35064971012568e-06,0,1,162,0,0.904761904761905,0.997816425433971
RAND_0730,21.6707142857143,0.000315516010147151,0,0,408,0,0.886792452830189,0.992057317342124
RAND_0731,28.8942857142857,8.35064971012568e-06,0,1,32,0,0.680672268907563,0.999072687451715
RAND_0732,14.4471428571429,0.00815293421191023,0,0,796,0,0.666666666666667,0.995749452709349
RAND_0733,28.8942857142857,8.35064971012568e-06,0,0,321,0,0.724137931034483,0.998810471590893
RAND_0734,28.8942857142857,8.35064971012568e-06,0,1,223,0,0.724137931034483,0.991138862147846
RAND_0735,21.6707142857143,0.000315516010147151,0,0,392,0,0.70940170940171,0.99765948672631
RAND_0736,28.8942857142857,8.35064971012568e-06,0,0,360,0,0.851851851851852,0.994792722232232
RAND_0737,28.8942857142857,8.35064971012568e-06,0,1,224,0,0.739130434782609,0.994566767731762
RAND_0738,28.8942857142857,8.35064971012568e-06,0,0,421,0,0.694915254237288,0.999041691222509
RAND_0739,21.6707142857143,0.000315516010147151,0,0,485,0,0.886792452830189,0.998036748092065
RAND_0740,21.6707142857143,0.000315516010147151,0,0,381,0,0.923076923076923,0.993294176308744
RAND_0741,21.6707142857143,0.000315516010147151,0,0,383,0,0.694915254237288,0.994524162716407
RAND_0742,28.8942857142857,8.35064971012568e-06,0,1,146,0,0.724137931034483,0.989384360713598
RAND_0743,28.8942857142857,8.35064971012568e-06,0,1,62,0,0.818181818181818,0.993762746663555
RAND_0744,21.6707142857143,0.000315516010147151,0,0,387,0,0.904761904761905,0.998059634000182
RAND_0745,28.8942857142857,8.35064971012568e-06,0,0,321,0,0.851851851851852,0.999334779016828
RAND_0746,21.6707142857143,0.000315516010147151,0,0,420,0,0.869158878504673,0.997519084537003
RAND_0747,14.4471428571429,0.00815293421191023,0,0,1101,0,0.70940170940171,0.992691730827482
RAND_0748,21.6707142857143,0.000315516010147151,0,0,599,0,0.680672268907563,0.997636949106214
RAND_0749,21.6707142857143,0.000315516010147151,0,0,427,0,0.785714285714286,0.999608547471272
RAND_0750,28.8942857142857,8.35064971012568e-06,0,1,308,0,0.818181818181818,0.997676805476434
RAND_0751,28.8942857142857,8.35064971012568e-06,0,1,143,0,0.754385964912281,0.996423449473081
RAND_0752,21.6707142857143,0.000315516010147151,0,0,429,0,0.70940170940171,0.998828430236963
RAND_0753,28.8942857142857,8.35064971012568e-06,0,1,101,0,0.739130434782609,0.993482045533846
RAND_0754,28.8942857142857,8.35064971012568e-06,0,0,232,0,0.904761904761905,0.997220940042218
RAND_0755,28.8942857142857,8.35064971012568e-06,0,1,77,0,0.680672268907563,0.992684180504588
RAND_0756,21.6707142857143,0.000315516010147151,0,0,392,0,0.70940170940171,0.998564742144729
RAND_0757,28.8942857142857,8.35064971012568e-06,0,0,311,0,0.694915254237288,0.998255979102524
RAND_0758,28.8942857142857,8.35064971012568e-06,0,1,168,0,0.923076923076923,0.996410830968592
RAND_0759,21.6707142857143,0.000315516010147151,0,0,310,0,0.70940170940171,0.995384639651074
RAND_0760,28.8942857142857,8.35064971012568e-06,0,1,89,0,0.652892561983471,0.999278669679652
RAND_0761,28.8942857142857,8.35064971012568e-06,0,0,353,0,0.739130434782609,0.991638973580539
RAND_0762,14.4471428571429,0.00815293421191023,0,0,1059,0,0.680672268907563,0.998274826694505
RAND_0763,28.8942857142857,8.35064971012568e-06,0,0,310,0,0.904761904761905,0.998625232357106
RAND_0764,14.4471428571429,0.00815293421191023,0,0,906,0,0.834862385321101,0.993667929370958
RAND_0765,28.8942857142857,8.35064971012568e-06,0,0,139,0,0.652892561983471,0.980722826821773
RAND_0766,28.8942857142857,8.35064971012568e-06,0,0,130,0,0.904761904761905,0.994665182948044
RAND_0767,14.4471428571429,0.00815293421191023,0,0,538,0,0.652892561983471,0.98734541617783
RAND_0768,28.8942857142857,8.35064971012568e-06,0,1,96,0,0.851851851851852,0.998660683334283
RAND_0769,21.6707142857143,0.000315516010147151,0,0,430,0,0.941747572815534,0.997076636567366
RAND_0770,21.6707142857143,0.000315516010147151,0,0,344,0,0.904761904761905,0.993065190424359
RAND_0771,28.8942857142857,8.35064971012568e-06,0,0,239,0,0.851851851851852,0.993230316883983
RAND_0772,28.8942857142857,8.35064971012568e-06,0,1,134,0,0.869158878504673,0.997429686778752
RAND_0773,21.6707142857143,0.000315516010147151,0,0,331,0,0.680672268907563,0.982737870309762
RAND_0774,14.4471428571429,0.00815293421191023,0,0,486,0,0.785714285714286,0.998328769685297
RAND_0775,36.1178571428571,1.59471074058841e-07,0,1,72,0,0.785714285714286,0.993965281841926
RAND_0776,21.6707142857143,0.000315516010147151,0,0,424,0,0.869158878504673,0.998893639675407
RAND_0777,21.6707142857143,0.000315516010147151,0,0,355,0,0.666666666666667,0.987077236705973
RAND_0778,21.6707142857143,0.000315516010147151,0,0,512,0,0.869158878504673,0.992675545423898
RAND_0779,21.6707142857143,0.000315516010147151,0,0,347,0,0.694915254237288,0.990881469603637
RAND_0780,28.8942857142857,8.35064971012568e-06,0,0,395,0,0.739130434782609,0.99910112695291
RAND_0781,28.8942857142857,8.35064971012568e-06,0,1,150,0,0.923076923076923,0.998543700083983
RAND_0782,28.8942857142857,8.35064971012568e-06,0,1,344,0,0.851851851851852,0.997894989022453
RAND_0783,21.6707142857143,0.000315516010147151,0,0,422,0,0.70940170940171,0.995173229710371
RAND_0784,21.6707142857143,0.000315516010147151,0,0,428,0,0.769911504424779,0.998459974224364
RAND_0785,21.6707142857143,0.000315516010147151,0,0,398,0,0.923076923076923,0.999763280826892
RAND_0786,28.8942857142857,8.35064971012568e-06,0,0,188,0,0.739130434782609,0.999366906561029
RAND_0787,28.8942857142857,8.35064971012568e-06,0,0,321,0,0.923076923076923,0.999276329856766
RAND_0788,21.6707142857143,0.000315516010147151,0,0,421,0,0.680672268907563,0.997288822366593
RAND_0789,28.8942857142857,8.35064971012568e-06,0,0,330,0,0.801801801801802,0.999842597375488
RAND_0790,28.8942857142857,8.35064971012568e-06,0,0,136,0,0.724137931034483,0.982884279782511
RAND_0791,21.6707142857143,0.000315516010147151,0,0,497,0,0.680672268907563,0.996522420554815
RAND_0792,28.8942857142857,8.35064971012568e-06,0,1,93,0,0.739130434782609,0.994198924990265
RAND_0793,21.6707142857143,0.000315516010147151,0,0,465,0,0.739130434782609,0.994601307868781
RAND_0794,28.8942857142857,8.35064971012568e-06,0,0,392,0,0.739130434782609,0.991192047366666
RAND_0795,21.6707142857143,0.000315516010147151,0,1,319,0,0.886792452830189,0.999213717945554
RAND_0796,28.8942857142857,8.35064971012568e-06,0,1,111,0,0.739130434782609,0.994652439149487
RAND_0797,28.8942857142857,8.35064971012568e-06,0,0,351,0,0.70940170940171,0.995294942274808
RAND_0798,28.8942857142857,8.35064971012568e-06,0,0,343,0,0.694915254237288,0.991163074776536
RAND_0799,21.6707142857143,0.000315516010147151,0,0,529,0,0.680672268907563,0.997185816584872
RAND_0800,21.6707142857143,0.000315516010147151,0,0,441,0,0.70940170940171,0.998666558718235
RAND_0801,21.6707142857143,0.000315516010147151,0,0,401,0,0.680672268907563,0.994531080718115
RAND_0802,28.8942857142857,8.35064971012568e-06,0,1,33,0,0.666666666666667,0.996870458324388
RAND_0803,28.8942857142857,8.35064971012568e-06,0,0,318,0,0.785714285714286,0.997058454335292
RAND_0804,28.8942857142857,8.35064971012568e-06,0,0,359,0,0.769911504424779,0.994894347805711
RAND_0805,21.6707142857143,0.000315516010147151,0,0,437,0,0.694915254237288,0.994610848316067
RAND_0806,14.4471428571429,0.00815293421191023,0,0,494,0,0.739130434782609,0.993510458352153
RAND_0807,28.8942857142857,8.35064971012568e-06,0,0,328,0,0.886792452830189,0.999847389040634
RAND_0808,28.8942857142857,8.35064971012568e-06,0,1,140,0,0.724137931034483,0.990859294521397
RAND_0809,28.8942857142857,8.35064971012568e-06,0,0,374,0,0.941747572815534,0.998793879170234
RAND_0810,28.8942857142857,8.35064971012568e-06,0,0,302,0,0.724137931034483,0.997510340246275
RAND_0811,28.8942857142857,8.35064971012568e-06,0,0,321,0,0.851851851851852,0.996208746549356
RAND_0812,28.8942857142857,8.35064971012568e-06,0,0,246,0,0.724137931034483,0.992384013496784
RAND_0813,21.6707142857143,0.000315516010147151,0,0,480,0,0.666666666666667,0.993204879140977
RAND_0814,28.8942857142857,8.35064971012568e-06,0,1,61,0,0.754385964912281,0.995922573610753
RAND_0815,28.8942857142857,8.35064971012568e-06,0,0,161,0,0.652892561983471,0.988230414489543
RAND_0816,28.8942857142857,8.35064971012568e-06,0,1,308,0,0.941747572815534,0.999280500014348
RAND_0817,21.6707142857143,0.000315516010147151,0,0,326,0,0.70940170940171,0.99765608175874
RAND_0818,28.8942857142857,8.35064971012568e-06,0,1,304,0,0.886792452830189,0.997736527091608
RAND_0819,28.8942857142857,8.35064971012568e-06,0,0,310,0,0.96078431372549,0.999428923670784
RAND_0820,28.8942857142857,8.35064971012568e-06,0,0,420,0,0.941747572815534,0.996083258771232
RAND_0821,21.6707142857143,0.000315516010147151,0,0,412,0,0.886792452830189,0.996185009725845
RAND_0822,21.6707142857143,0.000315516010147151,0,0,430,0,0.754385964912281,0.99738523189685
RAND_0823,14.4471428571429,0.00815293421191023,0,0,613,0,0.70940170940171,0.998708270521435
RAND_0824,28.8942857142857,8.35064971012568e-06,0,0,249,0,0.680672268907563,0.980177516114378
RAND_0825,28.8942857142857,8.35064971012568e-06,0,0,357,0,0.869158878504673,0.993463077453853
RAND_0826,14.4471428571429,0.00815293421191023,0,0,531,0,0.739130434782609,0.999304069281858
RAND_0827,28.8942857142857,8.35064971012568e-06,0,0,378,0,0.785714285714286,0.994129120011999
RAND_0828,28.8942857142857,8.35064971012568e-06,0,0,365,0,0.801801801801802,0.997106437749116
RAND_0829,28.8942857142857,8.35064971012568e-06,0,1,127,0,0.754385964912281,0.995835299733797
RAND_0830,21.6707142857143,0.000315516010147151,0,0,397,0,0.70940170940171,0.998137095139016
RAND_0831,28.8942857142857,8.35064971012568e-06,0,1,77,0,0.886792452830189,0.99350506292934
RAND_0832,21.6707142857143,0.000315516010147151,0,0,447,0,0.680672268907563,0.998296235553546
RAND_0833,21.6707142857143,0.000315516010147151,0,0,497,0,0.70940170940171,0.999083108585231
RAND_0834,28.8942857142857,8.35064971012568e-06,0,1,183,0,0.769911504424779,0.995802409083367
RAND_0835,28.8942857142857,8.35064971012568e-06,0,1,129,0,0.754385964912281,0.984290351707327
RAND_0836,28.8942857142857,8.35064971012568e-06,0,1,232,0,0.818181818181818,0.998701715614807
RAND_0837,21.6707142857143,0.000315516010147151,0,0,385,0,0.941747572815534,0.999542543037152
RAND_0838,28.8942857142857,8.35064971012568e-06,0,0,248,0,0.923076923076923,0.998901719453672
RAND_0839,21.6707142857143,0.000315516010147151,0,0,470,0,0.680672268907563,0.99354580810036
RAND_0840,28.8942857142857,8.35064971012568e-06,0,1,123,0,0.739130434782609,0.996777802357356
RAND_0841,21.6707142857143,0.000315516010147151,0,0,389,0,0.886792452830189,0.995010977497582
RAND_0842,21.6707142857143,0.000315516010147151,0,0,416,0,0.96078431372549,0.99203110787914
RAND_0843,21.6707142857143,0.000315516010147151,0,0,362,0,0.70940170940171,0.997018084477642
RAND_0844,28.8942857142857,8.35064971012568e-06,0,0,348,0,0.834862385321101,0.999707685023582
RAND_0845,28.8942857142857,8.35064971012568e-06,0,1,138,0,0.769911504424779,0.996230250333774
RAND_0846,28.8942857142857,8.35064971012568e-06,0,0,139,0,0.869158878504673,0.996832839474268
RAND_0847,28.8942857142857,8.35064971012568e-06,0,1,239,0,0.739130434782609,0.996805513851611
RAND_0848,14.4471428571429,0.00815293421191023,0,0,1161,0,0.785714285714286,0.996293384647996
RAND_0849,28.8942857142857,8.35064971012568e-06,0,1,103,0,0.680672268907563,0.995726356762729
RAND_0850,21.6707142857143,0.000315516010147151,0,0,520,0,0.680672268907563,0.99682705368724
RAND_0851,21.6707142857143,0.000315516010147151,0,0,385,0,0.869158878504673,0.998158634005309
RAND_0852,28.8942857142857,8.35064971012568e-06,0,0,301,0,0.754385964912281,0.998721128748197
RAND_0853,21.6707142857143,0.000315516010147151,0,0,597,0,0.666666666666667,0.993503856778042
RAND_0854,28.8942857142857,8.35064971012568e-06,0,0,400,0,0.904761904761905,0.998029219895596
RAND_0855,28.8942857142857,8.35064971012568e-06,0,1,247,0,0.724137931034483,0.986552937023126
RAND_0856,28.8942857142857,8.35064971012568e-06,0,1,148,0,0.769911504424779,0.992898592749095
RAND_0857,14.4471428571429,0.00815293421191023,0,0,476,0,0.626016260162602,0.979671554767498
RAND_0858,28.8942857142857,8.35064971012568e-06,0,1,159,0,0.739130434782609,0.994410946338852
RAND_0859,28.8942857142857,8.35064971012568e-06,0,1,150,0,0.923076923076923,0.998727774035346
RAND_0860,28.8942857142857,8.35064971012568e-06,0,0,323,0,0.724137931034483,0.996301732172243
RAND_0861,28.8942857142857,8.35064971012568e-06,0,1,244,0,0.904761904761905,0.994634877159615
RAND_0862,21.6707142857143,0.000315516010147151,0,0,414,0,0.724137931034483,0.999165365167884
RAND_0863,21.6707142857143,0.000315516010147151,0,1,352,0,0.941747572815534,0.999780031603557
RAND_0864,28.8942857142857,8.35064971012568e-06,0,1,116,0,0.724137931034483,0.991434810345474
RAND_0865,36.1178571428571,1.59471074058841e-07,0,1,30,0,0.739130434782609,0.993195539346457
RAND_0866,28.8942857142857,8.35064971012568e-06,0,0,242,0,0.754385964912281,0.999312998419935
RAND_0867,28.8942857142857,8.35064971012568e-06,0,1,93,0,0.834862385321101,0.998042313758324
RAND_0868,21.6707142857143,0.000315516010147151,0,1,331,0,0.639344262295082,0.974276006386943
RAND_0869,28.8942857142857,8.35064971012568e-06,0,0,353,0,0.801801801801802,0.994955876566949
RAND_0870,28.8942857142857,8.35064971012568e-06,0,0,308,0,0.923076923076923,0.997823425301125
RAND_0871,21.6707142857143,0.000315516010147151,0,0,495,0,0.70940170940171,0.998374381531898
RAND_0872,21.6707142857143,0.000315516010147151,0,0,441,0,0.834862385321101,0.999832528598886
RAND_0873,21.6707142857143,0.000315516010147151,0,0,511,0,0.680672268907563,0.997698384364158
RAND_0874,28.8942857142857,8.35064971012568e-06,0,0,356,0,0.98019801980198,0.999430039813044
RAND_0875,14.4471428571429,0.00815293421191023,0,0,462,0,0.666666666666667,0.993462845364383
RAND_0876,28.8942857142857,8.35064971012568e-06,0,0,342,0,0.801801801801802,0.993649539671736
RAND_0877,28.8942857142857,8.35064971012568e-06,0,0,306,0,0.724137931034483,0.99288854003911
RAND_0878,28.8942857142857,8.35064971012568e-06,0,0,342,0,0.801801801801802,0.994100659504631
RAND_0879,28.8942857142857,8.35064971012568e-06,0,1,162,0,0.851851851851852,0.997749926191023
RAND_0880,28.8942857142857,8.35064971012568e-06,0,0,146,0,0.739130434782609,0.99649774906403
RAND_0881,21.6707142857143,0.000315516010147151,0,0,339,0,0.70940170940171,0.995909966343608
RAND_0882,21.6707142857143,0.000315516010147151,0,0,765,0,0.739130434782609,0.991198572717221
RAND_0883,21.6707142857143,0.000315516010147151,0,0,383,0,0.801801801801802,0.988790054929561
RAND_0884,21.6707142857143,0.000315516010147151,0,0,444,0,0.769911504424779,0.999102207636008
RAND_0885,28.8942857142857,8.35064971012568e-06,0,1,147,0,0.754385964912281,0.988532401169336
RAND_0886,21.6707142857143,0.000315516010147151,0,1,348,0,0.694915254237288,0.983925885004203
RAND_0887,28.8942857142857,8.35064971012568e-06,0,1,238,0,0.941747572815534,0.999702347488184
RAND_0888,28.8942857142857,8.35064971012568e-06,0,0,369,0,0.785714285714286,0.991228181726453
RAND_0889,28.8942857142857,8.35064971012568e-06,0,1,40,0,0.739130434782609,0.992568198759383
RAND_0890,28.8942857142857,8.35064971012568e-06,0,0,324,0,0.785714285714286,0.99880848112404
RAND_0891,28.8942857142857,8.35064971012568e-06,0,1,88,0,0.739130434782609,0.99730518827002
RAND_0892,21.6707142857143,0.000315516010147151,0,0,384,0,0.694915254237288,0.992347323126434
RAND_0893,21.6707142857143,0.000315516010147151,0,1,310,0,0.754385964912281,0.996171772575368
RAND_0894,28.8942857142857,8.35064971012568e-06,0,0,349,0,0.851851851851852,0.995087011714255
RAND_0895,28.8942857142857,8.35064971012568e-06,0,0,274,0,0.96078431372549,0.999829765227955
RAND_0896,28.8942857142857,8.35064971012568e-06,0,0,117,0,0.869158878504673,0.995141397367025
RAND_0897,28.8942857142857,8.35064971012568e-06,0,0,321,0,0.941747572815534,0.999429200750262
RAND_0898,28.8942857142857,8.35064971012568e-06,0,0,293,0,0.801801801801802,0.995247154847003
RAND_0899,28.8942857142857,8.35064971012568e-06,0,1,135,0,0.923076923076923,0.998968007979001
RAND_0900,28.8942857142857,8.35064971012568e-06,0,0,408,0,0.739130434782609,0.991426930453793
RAND_0901,21.6707142857143,0.000315516010147151,0,0,429,0,0.904761904761905,0.990634743162407
RAND_0902,28.8942857142857,8.35064971012568e-06,0,0,238,0,0.739130434782609,0.999358515526901
RAND_0903,28.8942857142857,8.35064971012568e-06,0,1,146,0,0.739130434782609,0.997375186645536
RAND_0904,28.8942857142857,8.35064971012568e-06,0,1,73,0,0.834862385321101,0.997617406203554
RAND_0905,14.4471428571429,0.00815293421191023,0,0,496,0,0.739130434782609,0.993674069732186
RAND_0906,28.8942857142857,8.35064971012568e-06,0,0,366,0,0.941747572815534,0.999069515525538
RAND_0907,28.8942857142857,8.35064971012568e-06,0,0,516,0,0.801801801801802,0.991029441142705
RAND_0908,28.8942857142857,8.35064971012568e-06,0,0,54,0,0.680672268907563,0.998022353309382
RAND_0909,28.8942857142857,8.35064971012568e-06,0,0,289,0,0.801801801801802,0.99727878532272
RAND_0910,21.6707142857143,0.000315516010147151,0,0,387,0,0.70940170940171,0.998259596987586
RAND_0911,28.8942857142857,8.35064971012568e-06,0,1,136,0,0.739130434782609,0.994033213573468
RAND_0912,28.8942857142857,8.35064971012568e-06,0,1,247,0,0.754385964912281,0.997035613179203
RAND_0913,21.6707142857143,0.000315516010147151,0,0,692,0,0.666666666666667,0.993749153255598
RAND_0914,21.6707142857143,0.000315516010147151,0,1,367,0,0.724137931034483,0.993578212102967
RAND_0915,28.8942857142857,8.35064971012568e-06,0,1,65,0,0.739130434782609,0.996453801882558
RAND_0916,28.8942857142857,8.35064971012568e-06,0,1,126,0,0.769911504424779,0.998181256033184
RAND_0917,28.8942857142857,8.35064971012568e-06,0,0,236,0,0.739130434782609,0.992995018409817
RAND_0918,28.8942857142857,8.35064971012568e-06,0,1,139,0,0.801801801801802,0.997191799158926
RAND_0919,28.8942857142857,8.35064971012568e-06,0,1,305,0,0.785714285714286,0.995696748688008
RAND_0920,28.8942857142857,8.35064971012568e-06,0,0,348,0,0.769911504424779,0.99420025213456
RAND_0921,21.6707142857143,0.000315516010147151,0,0,498,0,0.818181818181818,0.998415644392745
RAND_0922,28.8942857142857,8.35064971012568e-06,0,0,368,0,0.834862385321101,0.999838333824894
RAND_0923,28.8942857142857,8.35064971012568e-06,0,1,93,0,0.834862385321101,0.998730970113687
RAND_0924,28.8942857142857,8.35064971012568e-06,0,1,199,0,0.886792452830189,0.996382152110802
RAND_0925,21.6707142857143,0.000315516010147151,0,1,346,0,0.754385964912281,0.996582235708111
RAND_0926,28.8942857142857,8.35064971012568e-06,0,0,366,0,0.923076923076923,0.996575873473181
RAND_0927,21.6707142857143,0.000315516010147151,0,0,417,0,0.834862385321101,0.999310696064537
RAND_0928,28.8942857142857,8.35064971012568e-06,0,1,251,0,0.923076923076923,0.996372044879961
RAND_0929,28.8942857142857,8.35064971012568e-06,0,0,253,0,0.694915254237288,0.994454630493331
RAND_0930,21.6707142857143,0.000315516010147151,0,0,517,0,0.666666666666667,0.991306833437539
RAND_0931,28.8942857142857,8.35064971012568e-06,0,1,84,0,0.70940170940171,0.992959569173964
RAND_0932,21.6707142857143,0.000315516010147151,0,0,395,0,0.851851851851852,0.999778579281283
RAND_0933,28.8942857142857,8.35064971012568e-06,0,0,311,0,0.724137931034483,0.996588509251604
RAND_0934,14.4471428571429,0.00815293421191023,0,0,968,0,0.652892561983471,0.993304917718182
RAND_0935,14.4471428571429,0.00815293421191023,0,0,440,0,0.96078431372549,0.995290683681183
RAND_0936,28.8942857142857,8.35064971012568e-06,0,1,217,0,0.724137931034483,0.994995301930454
RAND_0937,28.8942857142857,8.35064971012568e-06,0,1,229,0,0.769911504424779,0.996225354351711
RAND_0938,28.8942857142857,8.35064971012568e-06,0,0,347,0,0.834862385321101,0.999721955458318
RAND_0939,21.6707142857143,0.000315516010147151,0,0,394,0,0.70940170940171,0.998817604129524
RAND_0940,28.8942857142857,8.35064971012568e-06,0,0,248,0,0.904761904761905,0.997069403374402
RAND_0941,28.8942857142857,8.35064971012568e-06,0,1,245,0,0.923076923076923,0.999492054107658
RAND_0942,28.8942857142857,8.35064971012568e-06,0,1,233,0,0.724137931034483,0.992411025803011
RAND_0943,28.8942857142857,8.35064971012568e-06,0,0,320,0,0.904761904761905,0.999206544839878
RAND_0944,21.6707142857143,0.000315516010147151,0,0,436,0,0.70940170940171,0.999270784349235
RAND_0945,28.8942857142857,8.35064971012568e-06,0,0,145,0,0.869158878504673,0.998542111833956
RAND_0946,28.8942857142857,8.35064971012568e-06,0,0,363,0,0.904761904761905,0.997637583023614
RAND_0947,14.4471428571429,0.00815293421191023,0,0,1094,0,0.652892561983471,0.99460354703153
RAND_0948,28.8942857142857,8.35064971012568e-06,0,0,391,0,0.724137931034483,0.999070159014416
RAND_0949,21.6707142857143,0.000315516010147151,0,0,445,0,0.666666666666667,0.994029387611795
RAND_0950,21.6707142857143,0.000315516010147151,0,0,448,0,0.694915254237288,0.999053579334444
RAND_0951,28.8942857142857,8.35064971012568e-06,0,1,243,0,0.96078431372549,0.996086178495647
RAND_0952,21.6707142857143,0.000315516010147151,0,0,454,0,0.785714285714286,0.998658703564964
RAND_0953,28.8942857142857,8.35064971012568e-06,0,0,380,0,0.941747572815534,0.994556048715751
RAND_0954,21.6707142857143,0.000315516010147151,0,0,406,0,0.739130434782609,0.996437104587758
RAND_0955,21.6707142857143,0.000315516010147151,0,0,386,0,0.724137931034483,0.996546556298246
RAND_0956,28.8942857142857,8.35064971012568e-06,0,1,300,0,0.739130434782609,0.991885694228965
RAND_0957,28.8942857142857,8.35064971012568e-06,0,1,150,0,0.769911504424779,0.99251871394697
RAND_0958,21.6707142857143,0.000315516010147151,0,0,453,0,0.869158878504673,0.989694853639321
RAND_0959,28.8942857142857,8.35064971012568e-06,0,0,371,0,0.834862385321101,0.995886568265663
RAND_0960,28.8942857142857,8.35064971012568e-06,0,0,337,0,0.739130434782609,0.994944400603192
RAND_0961,28.8942857142857,8.35064971012568e-06,0,1,92,0,0.739130434782609,0.992770336097456
RAND_0962,28.8942857142857,8.35064971012568e-06,0,1,93,0,0.834862385321101,0.99853614659188
RAND_0963,21.6707142857143,0.000315516010147151,0,0,397,0,0.754385964912281,0.998704157299344
RAND_0964,28.8942857142857,8.35064971012568e-06,0,0,342,0,0.923076923076923,0.997641225954719
RAND_0965,28.8942857142857,8.35064971012568e-06,0,1,93,0,0.739130434782609,0.998452816372687
RAND_0966,28.8942857142857,8.35064971012568e-06,0,0,130,0,0.724137931034483,0.995321901807309
RAND_0967,21.6707142857143,0.000315516010147151,0,0,371,0,0.694915254237288,0.997816680868791
RAND_0968,28.8942857142857,8.35064971012568e-06,0,1,138,0,0.769911504424779,0.995496850541706
RAND_0969,28.8942857142857,8.35064971012568e-06,0,0,305,0,0.98019801980198,0.999189794127061
RAND_0970,28.8942857142857,8.35064971012568e-06,0,1,145,0,0.904761904761905,0.989348156938832
RAND_0971,28.8942857142857,8.35064971012568e-06,0,0,321,0,0.754385964912281,0.998144506388165
RAND_0972,21.6707142857143,0.000315516010147151,0,0,401,0,0.70940170940171,0.998895372704917
RAND_0973,21.6707142857143,0.000315516010147151,0,0,393,0,0.851851851851852,0.999537771675844
RAND_0974,28.8942857142857,8.35064971012568e-06,0,0,397,0,0.785714285714286,0.993282397551957
RAND_0975,28.8942857142857,8.35064971012568e-06,0,1,232,0,0.923076923076923,0.998421757740233
RAND_0976,21.6707142857143,0.000315516010147151,0,0,355,0,0.694915254237288,0.993632872908151
RAND_0977,28.8942857142857,8.35064971012568e-06,0,0,314,0,0.886792452830189,0.99912354960499
RAND_0978,21.6707142857143,0.000315516010147151,0,0,485,0,0.680672268907563,0.997810697476315
RAND_0979,28.8942857142857,8.35064971012568e-06,0,1,254,0,0.785714285714286,0.995326792362246
RAND_0980,28.8942857142857,8.35064971012568e-06,0,0,276,0,0.801801801801802,0.996612377986214
RAND_0981,21.6707142857143,0.000315516010147151,0,0,408,0,0.680672268907563,0.994685531625175
RAND_0982,28.8942857142857,8.35064971012568e-06,0,0,355,0,0.941747572815534,0.997782723140808
RAND_0983,21.6707142857143,0.000315516010147151,0,0,431,0,0.941747572815534,0.998252716476584
RAND_0984,28.8942857142857,8.35064971012568e-06,0,0,343,0,0.754385964912281,0.992077121327299
RAND_0985,28.8942857142857,8.35064971012568e-06,0,1,305,0,0.739130434782609,0.995953660795116
RAND_0986,21.6707142857143,0.000315516010147151,0,0,487,0,0.851851851851852,0.998259190649627
RAND_0987,21.6707142857143,0.000315516010147151,0,0,330,0,0.96078431372549,0.999186357490612
RAND_0988,28.8942857142857,8.35064971012568e-06,0,1,291,0,0.739130434782609,0.995240840335959
RAND_0989,28.8942857142857,8.35064971012568e-06,0,0,315,0,0.941747572815534,0.998958200308131
RAND_0990,28.8942857142857,8.35064971012568e-06,0,0,423,0,0.680672268907563,0.998704430449234
RAND_0991,28.8942857142857,8.35064971012568e-06,0,0,275,0,0.801801801801802,0.996560338407683
RAND_0992,28.8942857142857,8.35064971012568e-06,0,1,40,0,0.739130434782609,0.994813650828305
RAND_0993,28.8942857142857,8.35064971012568e-06,0,1,27,0,0.5625,0.998435353348063
RAND_0994,21.6707142857143,0.000315516010147151,0,0,439,0,0.70940170940171,0.992675756037038
RAND_0995,21.6707142857143,0.000315516010147151,0,0,458,0,0.739130434782609,0.998310802088822
RAND_0996,21.6707142857143,0.000315516010147151,0,0,400,0,0.739130434782609,0.996668198582846
RAND_0997,21.6707142857143,0.000315516010147151,0,0,468,0,0.739130434782609,0.997938001559868
RAND_0998,28.8942857142857,8.35064971012568e-06,0,0,386,0,0.724137931034483,0.997303793620397
RAND_0999,28.8942857142857,8.35064971012568e-06,0,0,138,0,0.754385964912281,0.997265098910646
RAND_1000,21.6707142857143,0.000315516010147151,0,0,634,0,0.923076923076923,0.996512402909292
PLASMA_mult_0.25,28.8942857142857,8.35064971012568e-06,0,0,323,0,1,0.999684019886319
PLASMA_mult_0.50,28.8942857142857,8.35064971012568e-06,0,0,323,0,1,1
PLASMA_mult_0.75,28.8942857142857,8.35064971012568e-06,0,1,324,0,1,0.999844095916321
HET_thresh_50_70,21.6707142857143,0.000315516010147151,0,0,1916,0,0.408450704225352,0.94127286028173
HET_thresh_70_90,28.8942857142857,8.35064971012568e-06,0,0,323,0,1,1
HET_thresh_70_95,28.8942857142857,8.35064971012568e-06,0,0,327,0,1,0.961417735633778
RESCUE_w_0.05,21.6707142857143,0.000315516010147151,0,0,432,0,0.941747572815534,0.999989486157592
RESCUE_w_0.10,28.8942857142857,8.35064971012568e-06,0,0,323,0,1,1
RESCUE_w_0.15,28.8942857142857,8.35064971012568e-06,0,0,232,0,0.98019801980198,0.999989339965594
